class,image,lines,mean_conf,inference_ms,wall_ms,raw_text
microscope,microscope/microscope_compound_microscope_school_lab_000001.jpg,9,0.9005,9556.0,9578.3,Apple epidermis 40X 4X 40X 4X WF2SX 2X 2_
microscope,microscope/microscope_compound_microscope_school_lab_000002.jpg,1,0.9969,3178.47,3187.09,TIN
microscope,microscope/microscope_compound_microscope_school_lab_000003.jpg,0,0.0,366.44,370.25,
microscope,microscope/microscope_compound_microscope_school_lab_000004.jpg,9,0.9274,3395.08,3404.74,LED Lights Five Colors Disc| Diaphragm Coarse and 0 Separate switch and brightness adjustment knob Top
microscope,microscope/microscope_compound_microscope_school_lab_000005.jpg,3,0.7216,6475.92,6487.11,Specimen Mial XZ XSZJM
microscope,microscope/microscope_compound_microscope_school_lab_000006.jpg,25,0.9362,734.28,740.13,Eyepieces (Ocular Lens) Head Arm (Frame) Diopter Adjustment Nose Aperture Objective Lenses Stage Clip Controls Mechanica
microscope,microscope/microscope_compound_microscope_school_lab_000007.jpg,12,0.8713,9423.78,9442.92,"17 6 MAGINIFICATION LEVELS 40X 100X 250X 400X 1000X 2500X Plan 160/0, Plan 160/0"
microscope,microscope/microscope_compound_microscope_school_lab_000008.jpg,9,0.8753,3392.95,3410.99,2X 2X Lens 360 rotatable Inedd 10X 40X 4X 1OX 40X Objective Bottom LED Lights
microscope,microscope/microscope_compound_microscope_school_lab_000009.jpg,10,0.7931,6710.02,6729.76,40 /0.65 10/0.25 160/0.17 160/0.17 4/0.1 160/ - d 2X 25X WF
microscope,microscope/microscope_compound_microscope_school_lab_000010.jpg,0,0.0,2918.21,2926.55,
microscope,microscope/microscope_compound_microscope_school_lab_000011.jpg,2,0.8482,2565.29,2577.59,17Omml6.69inch 135mm/5.31inch
microscope,microscope/microscope_compound_microscope_school_lab_000012.jpg,1,0.9025,1968.99,1978.54,2X
microscope,microscope/microscope_compound_microscope_school_lab_000013.jpg,19,0.864,6068.29,6084.62,100 /1.25 160/0.17 4/0.1 10/0.25 6/0.1 160/0.17 160/- 160/- 100/0.25 160/0.17 2x 2x WF 16X WF 16X WF 30X WF 30X 10/0.25 
microscope,microscope/microscope_compound_microscope_school_lab_000014.jpg,6,0.9117,695.85,707.14,Constant Temperature Lab Monocular Compound Microscope 40X-2500X Magnification WF 1OX&25X Eyepieces 30 7-inch Rotatable 
microscope,microscope/microscope_compound_microscope_school_lab_000015.jpg,1,0.5402,160.09,161.94,ONLINE
microscope,microscope/microscope_compound_microscope_school_lab_000016.jpg,0,0.0,488.11,490.37,
microscope,microscope/microscope_compound_microscope_school_lab_000017.jpg,0,0.0,5074.14,5083.92,
microscope,microscope/microscope_compound_microscope_school_lab_000018.jpg,4,0.935,5319.63,5330.24,"010 40 , 160 600"
microscope,microscope/microscope_compound_microscope_school_lab_000019.jpg,1,1.0,2643.58,2651.61,40
microscope,microscope/microscope_compound_microscope_school_lab_000020.jpg,0,0.0,4267.93,4276.68,
microscope,microscope/microscope_compound_microscope_school_lab_000021.jpg,5,0.9587,266.55,271.05,USING A COMPOUND MTE SCIENCE LAB
microscope,microscope/microscope_compound_microscope_school_lab_000022.jpg,12,0.8742,6185.37,6204.05,Multiple Magnification Combinations Green/YellowlPurple/Blue/Cyan/Transparent Green Yellow Purple Blue Cyan Transparent 
microscope,microscope/microscope_compound_microscope_school_lab_000023.jpg,1,0.9845,1588.52,2099.86,YEGREN
microscope,microscope/microscope_compound_microscope_school_lab_000024.jpg,1,0.9042,2391.87,2400.54,C€
microscope,microscope/microscope_compound_microscope_school_lab_000025.jpg,0,0.0,147.9,151.34,
microscope,microscope/microscope_compound_microscope_school_lab_000026.jpg,3,0.5869,849.03,853.76,40/0.25 470 2X
microscope,microscope/microscope_compound_microscope_school_lab_000027.jpg,0,0.0,88.13,89.84,
microscope,microscope/microscope_compound_microscope_school_lab_000028.jpg,14,0.9434,602.69,605.83,Microscope Structure Eyepiece Adjustable head Noscpiccc TOP LED Objective Stage Diaphragm Bracket adjustment Bottom LED 
microscope,microscope/microscope_compound_microscope_school_lab_000029.jpg,11,0.7899,8095.62,8111.17,2X 100/ 1.25 40 /0.65 10 /0.25 4/0.1 WFIOX WFIOX 18mm 18mm Pian Alcohol Pad
microscope,microscope/microscope_compound_microscope_school_lab_000030.jpg,0,0.0,451.12,455.02,
microscope,microscope/microscope_compound_microscope_school_lab_000031.jpg,0,0.0,318.47,321.21,
microscope,microscope/microscope_compound_microscope_school_lab_000032.jpg,0,0.0,145.35,147.15,
microscope,microscope/microscope_compound_microscope_school_lab_000033.jpg,0,0.0,176.32,178.85,
microscope,microscope/microscope_lab_microscope_on_desk_000001.jpg,0,0.0,514.73,518.96,
microscope,microscope/microscope_lab_microscope_on_desk_000002.jpg,6,0.8882,3309.1,3322.93,a a Image ID: ZYIABM9 alamy WWW. alamy com
microscope,microscope/microscope_lab_microscope_on_desk_000003.jpg,5,0.9322,4294.11,4304.85,a Image ID: WKGE4P alamy WWW alamy com
microscope,microscope/microscope_lab_microscope_on_desk_000004.jpg,0,0.0,428.54,434.11,
microscope,microscope/microscope_lab_microscope_on_desk_000005.jpg,9,0.7508,2449.83,2462.31,a alamy alamy alamy 4 a Image ID: 2GFCHAY alamy WWW.
microscope,microscope/microscope_lab_microscope_on_desk_000006.jpg,1,0.5175,889.25,894.53,fine ert
microscope,microscope/microscope_lab_microscope_on_desk_000007.jpg,1,0.5145,488.18,492.89,Urea
microscope,microscope/microscope_lab_microscope_on_desk_000008.jpg,0,0.0,251.31,254.15,
microscope,microscope/microscope_lab_microscope_on_desk_000009.jpg,3,0.7604,5705.57,5718.66,ID 239170713 Dragoscondrea drea
microscope,microscope/microscope_lab_microscope_on_desk_000010.jpg,0,0.0,468.76,473.13,
microscope,microscope/microscope_lab_microscope_on_desk_000011.jpg,4,0.8266,4948.92,4962.07,ID 37128141 Tyler Olson Gime drcq
microscope,microscope/microscope_lab_microscope_on_desk_000012.jpg,0,0.0,1115.55,1121.26,
microscope,microscope/microscope_lab_microscope_on_desk_000013.jpg,0,0.0,454.12,458.33,
microscope,microscope/microscope_lab_microscope_on_desk_000014.jpg,3,0.8323,4652.98,4668.85,drcamjtime.com ID 188996445 Sergey Tolmachyov
microscope,microscope/microscope_lab_microscope_on_desk_000015.jpg,7,0.903,3306.92,3315.51,alamy alamy; ala Image ID: 2WJBCZP alamy WWW. alamy com
microscope,microscope/microscope_lab_microscope_on_desk_000016.jpg,0,0.0,328.46,332.63,
microscope,microscope/microscope_lab_microscope_on_desk_000017.jpg,10,0.8296,2559.7,2566.51,a alamy alamy 4 Alamy Alami alamy Image ID: 2GCC9PO alamy WWW.
microscope,microscope/microscope_lab_microscope_on_desk_000018.jpg,7,0.7628,3797.15,3811.56,dreamjtime.com ID 358699384 Galina Vashchenko dreamrbim me dreamrbime dream
microscope,microscope/microscope_lab_microscope_on_desk_000019.jpg,15,0.8441,1749.54,1754.34,a a a a alamy 4 alamy 4 a alamy alamy a Image ID: 2GBA4A8 alamy WWW.
microscope,microscope/microscope_lab_microscope_on_desk_000020.jpg,0,0.0,13813.86,13861.42,
microscope,microscope/microscope_lab_microscope_on_desk_000021.jpg,0,0.0,633.65,638.71,
microscope,microscope/microscope_lab_microscope_on_desk_000022.jpg,3,0.7814,3199.3,3212.74,dreamjtime.com ID 347088682 Khoirul Anwar
microscope,microscope/microscope_lab_microscope_on_desk_000023.jpg,5,0.8023,3185.44,3194.41,alamy Im Image ID: 2BYZR9H alamy alamy com
microscope,microscope/microscope_lab_microscope_on_desk_000024.jpg,6,0.8844,2836.25,2847.11,a a a Image ID: ZRFZRNT alamy alamy com
microscope,microscope/microscope_lab_microscope_on_desk_000025.jpg,6,0.7987,4341.12,4359.96,100 75 dreamjtime.com ID 185657523 Sergey Tolmachyov 8
microscope,microscope/microscope_lab_microscope_on_desk_000026.jpg,5,0.7788,5216.99,5232.74,F(OJCUSED ID: 336642140 FOCUSEDCOLLECTIONCOM F(OICUSED OCUSED
microscope,microscope/microscope_lab_microscope_on_desk_000027.jpg,4,0.8525,2711.81,2719.48,allam Image ID: 2C385PW alamy alamy com
microscope,microscope/microscope_lab_microscope_on_desk_000028.jpg,0,0.0,393.82,399.11,
microscope,microscope/microscope_lab_microscope_on_desk_000029.jpg,0,0.0,353.57,357.31,
microscope,microscope/microscope_lab_microscope_on_desk_000030.jpg,0,0.0,715.76,720.45,
microscope,microscope/microscope_lab_microscope_on_desk_000031.jpg,9,0.7855,5027.63,5036.95,"C C IMAGE ID: 2107321481 shutterstosck"" WWW shutterstockcom Abhi-R-p Auttersteck Abhi-R-p shutters"
microscope,microscope/microscope_lab_microscope_on_desk_000032.jpg,0,0.0,411.06,415.66,
microscope,microscope/microscope_lab_microscope_on_desk_000033.jpg,0,0.0,152.68,155.05,
microscope,microscope/microscope_student_using_microscope_in_bi_000001.jpg,0,0.0,274.82,278.52,
microscope,microscope/microscope_student_using_microscope_in_bi_000002.jpg,2,0.7463,1728.91,1736.22,3 1
microscope,microscope/microscope_student_using_microscope_in_bi_000003.jpg,7,0.7632,3968.29,3987.63,ID 126998558 Monkey Business Images dreamsbime rbime Gime dreamr 1
microscope,microscope/microscope_student_using_microscope_in_bi_000004.jpg,6,0.6913,4475.21,4492.8,drcamjtime.com ID 112484091 Andreaobzerova dreamrbime Ine @mj
microscope,microscope/microscope_student_using_microscope_in_bi_000005.jpg,0,0.0,246.53,250.6,
microscope,microscope/microscope_student_using_microscope_in_bi_000006.jpg,0,0.0,358.93,363.18,
microscope,microscope/microscope_student_using_microscope_in_bi_000007.jpg,0,0.0,1419.14,1425.09,
microscope,microscope/microscope_student_using_microscope_in_bi_000008.jpg,4,0.7993,2991.65,3006.77,ID 126998775 Monkey Business Images bim dreamsbime
microscope,microscope/microscope_student_using_microscope_in_bi_000009.jpg,0,0.0,243.3,247.54,
microscope,microscope/microscope_student_using_microscope_in_bi_000010.jpg,5,0.7624,2793.29,2805.55,ID 343795337 Monkey Business Images mjbime dreamjbiny me
microscope,microscope/microscope_student_using_microscope_in_bi_000011.jpg,0,0.0,230.61,235.66,
microscope,microscope/microscope_student_using_microscope_in_bi_000012.jpg,0,0.0,531.19,535.84,
microscope,microscope/microscope_student_using_microscope_in_bi_000013.jpg,8,0.8113,2056.39,2062.11,a alar 4 a alamy Image ID: 2YFTCI9 alamy WWW.
microscope,microscope/microscope_student_using_microscope_in_bi_000014.jpg,10,0.8704,1046.83,1052.42,a alanc alamy alamy alamy a Imag ID: 2YFTCG6 alamy WWW.
microscope,microscope/microscope_student_using_microscope_in_bi_000015.jpg,9,0.9021,1902.3,1911.35,a alany a a almy Image ID: PPATXO alamy WWW. alamy com
microscope,microscope/microscope_student_using_microscope_in_bi_000016.jpg,0,0.0,301.99,306.78,
microscope,microscope/microscope_student_using_microscope_in_bi_000017.jpg,6,0.8813,1554.3,1560.38,a alamy Image ID: M8R44D alamy WWW. alamy com
microscope,microscope/microscope_student_using_microscope_in_bi_000018.jpg,3,0.906,1848.35,1855.03,1 Adobe dobe
microscope,microscope/microscope_student_using_microscope_in_bi_000019.jpg,1,0.5915,2155.03,2165.32,Stoc
microscope,microscope/microscope_student_using_microscope_in_bi_000020.jpg,2,0.9188,1386.51,1391.49,Stock ock
microscope,microscope/microscope_student_using_microscope_in_bi_000021.jpg,4,0.8054,985.16,990.33,alary Image ID: RESDGY alamy alamy com
microscope,microscope/microscope_student_using_microscope_in_bi_000022.jpg,11,0.9154,2720.61,2729.47,a a a a alamy a alamy Image ID: POZTFW alamy WWW. alamy com
microscope,microscope/microscope_student_using_microscope_in_bi_000023.jpg,2,0.8155,179.94,183.34,alamy EB3EOY
microscope,microscope/microscope_student_using_microscope_in_bi_000024.jpg,12,0.8431,2952.43,2964.26,a a 4 alamy alamy 4 alamy a 4 Image ID: M8R447 alamy alamy com
microscope,microscope/microscope_student_using_microscope_in_bi_000025.jpg,3,0.7653,5735.84,5755.55,ID 126998709 Monkey Business Images dreamsbim
microscope,microscope/microscope_student_using_microscope_in_bi_000026.jpg,8,0.8682,1933.06,1941.26,a 4 alaly a Image ID: KGTFKR alamy WWW. alamy com
microscope,microscope/microscope_student_using_microscope_in_bi_000027.jpg,20,0.8639,1738.55,1745.26,a a a a alamy a alamy a alamy a a a a alamy 4 Imag ID: M8R444 alamy WWW. alamy
microscope,microscope/microscope_student_using_microscope_in_bi_000028.jpg,0,0.0,163.33,165.98,
microscope,microscope/microscope_student_using_microscope_in_bi_000029.jpg,7,0.8372,3357.0,3365.72,a lamy ak Image ID: 2J4FK87 alamy WWW alamycom
microscope,microscope/microscope_student_using_microscope_in_bi_000030.jpg,0,0.0,2258.26,2265.19,
microscope,microscope/microscope_student_using_microscope_in_bi_000031.jpg,2,0.8239,3697.6,3711.81,ID 141045235 Akesin
microscope,microscope/microscope_student_using_microscope_in_bi_000032.jpg,4,0.8205,4769.31,4785.38,ID 181639454 Ammentorp 1 bime
microscope,microscope/microscope_student_using_microscope_in_bi_000033.jpg,7,0.7388,2151.17,2158.44,nu al aamy a) J Image ID: KGTFMD alamy WWW.alamycom
calculator,calculator/calculator_calculator_and_math_textbook_000001.jpg,27,0.8809,3727.59,3735.46,M a M a + ny a 12. a 4 nd the s6 a 5 ID: BZBGFW alamy WWW alamy com tan SAD INS M+ DEL OFF AC 2 estions Zx = Image
calculator,calculator/calculator_calculator_and_math_textbook_000002.jpg,86,0.8636,3761.47,3774.57,""")] 4 In ( 1 ~In ( 1 015) inv Fv Sto 8 ""1 = 10 a To the 10 payments are re X On his tage of the Art a for semi of 6.25%6"
calculator,calculator/calculator_calculator_and_math_textbook_000003.jpg,85,0.8607,5329.41,5353.46,6 6 6 n Zn 0 4 0k m 4 8 2n m + Let bx + c =X 4 dx dx 48 Xn Xn-1 a dx 1 6 dx J X 2c f X 1 dx Zc(n 2c n +1 dx X 1 62 2c2 C
calculator,calculator/calculator_calculator_and_math_textbook_000004.jpg,0,0.0,1039.82,1057.56,
calculator,calculator/calculator_calculator_and_math_textbook_000005.jpg,0,0.0,692.23,696.87,
calculator,calculator/calculator_calculator_and_math_textbook_000006.jpg,0,0.0,434.17,439.44,
calculator,calculator/calculator_calculator_and_math_textbook_000007.jpg,0,0.0,326.8,332.99,
calculator,calculator/calculator_calculator_and_math_textbook_000008.jpg,0,0.0,280.21,283.62,
calculator,calculator/calculator_calculator_and_math_textbook_000009.jpg,3,0.7284,690.65,695.54,2 9 70
calculator,calculator/calculator_calculator_and_math_textbook_000010.jpg,1,0.9363,1586.24,1593.88,4
calculator,calculator/calculator_calculator_and_math_textbook_000011.jpg,0,0.0,869.86,874.98,
calculator,calculator/calculator_calculator_and_math_textbook_000012.jpg,27,0.9032,5794.27,5808.97,a a a 6 a 8 a 1 3 6 alamy a Image ID: B7BJPO alamy WWW . alamy com 56.2 / 9 tan M 39.6 : 215.2 60 X 3000 203 0.3 X 0.04 
calculator,calculator/calculator_calculator_and_math_textbook_000013.jpg,0,0.0,2396.02,2414.0,
calculator,calculator/calculator_calculator_and_math_textbook_000014.jpg,32,0.8395,6245.96,6256.87,4 a alamy + + 1 a a a a A a alamdy a Image ID: ANCDHF alamy WWW. alamy com result Yinto (7.8) and lim taking the limit. 
calculator,calculator/calculator_calculator_and_math_textbook_000015.jpg,3,0.7052,8584.16,8598.2,72 3 2
calculator,calculator/calculator_calculator_and_math_textbook_000016.jpg,2,0.9493,932.09,982.05,9 5
calculator,calculator/calculator_calculator_and_math_textbook_000017.jpg,11,0.7452,4732.77,4747.59,'5 0 8 226 00 2 05 08 0 0 8
calculator,calculator/calculator_calculator_and_math_textbook_000018.jpg,7,0.9018,6051.49,6077.49,"495 STUDENT An expanded edition of TIs popular ""Great International Math o Keys"" book"
calculator,calculator/calculator_calculator_and_math_textbook_000019.jpg,1,0.753,714.36,720.32,SFD
calculator,calculator/calculator_calculator_and_math_textbook_000020.jpg,21,0.697,27397.51,27437.18,Understanding Calculator Math In the ((0 LY Radlo {brings {mathematical language handheld formulas; 'college - 'school b
calculator,calculator/calculator_calculator_and_math_textbook_000021.jpg,0,0.0,1493.98,1512.73,
calculator,calculator/calculator_calculator_and_math_textbook_000022.jpg,7,0.7644,1889.33,1899.02,3 ~0+8 X 4 34 +8+J ~6-6 -
calculator,calculator/calculator_calculator_and_math_textbook_000023.jpg,19,0.7882,6251.02,6273.05,"GLENCOE MATHEMATICS PROFESSIONAL SERIES IN THE MATHEMATICS CLASSROOM CONTENTS INCLUDE: Comparison of Casio, Hewlett Pack"
calculator,calculator/calculator_calculator_and_math_textbook_000024.jpg,5,0.8829,6616.1,6630.37,Student Calculator Math Texas Instruments Note; This is no the actual book cover
calculator,calculator/calculator_calculator_and_math_textbook_000025.jpg,4,0.8334,958.93,966.21,How to TEACH MATHEMATICS USING A CALCULATOR TEACHERS OF MATHEMATICS
calculator,calculator/calculator_calculator_and_math_textbook_000026.jpg,0,0.0,659.03,674.96,
calculator,calculator/calculator_calculator_and_math_textbook_000027.jpg,10,0.797,534.35,537.73,M A T H Calculators F 0 R G R A D E $ 3 - 8 4 L E N S P A R R 0 W P A UL 34
calculator,calculator/calculator_calculator_and_math_textbook_000028.jpg,4,0.8431,781.28,785.87,9 1 5 2
calculator,calculator/calculator_calculator_and_math_textbook_000029.jpg,26,0.8312,7072.93,7094.53,"3 X 4) 3 %/ X 2 2 8 2 X 2 3 dreamjtime.com ID 4378621 Alex333 unction y = 2x 2x -1 Y = grid. same Ithe P(C2, 0(3, onic"
calculator,calculator/calculator_calculator_and_math_textbook_000030.jpg,2,0.6382,589.88,595.85,4 ~2
calculator,calculator/calculator_calculator_and_math_textbook_000031.jpg,1,0.9753,483.98,488.33,5
calculator,calculator/calculator_calculator_and_math_textbook_000032.jpg,21,0.8488,2761.16,2768.67,(hutm/i) 3 8 6 X 5 3 2 zebrowanych EPSTAL EPSTAL plastycznosci granica plastycznosc na TOZC b) R przy mal wyrobow. inspe
calculator,calculator/calculator_calculator_and_math_textbook_000033.jpg,42,0.7862,7511.22,7534.05,"~han Aand one which is greater), and plug 4 y=_1(2)-3 y=-1-3 y =-4 nate pairs, (-6,4) and (-2,-4), each time drawing a l"
calculator,calculator/calculator_graphing_calculator_close_up_000001.jpg,16,0.8487,5027.48,5035.7,a alamy S 5 3 2 alamy Image ID: 2DINYHD alamy alamycom Foau Daaw ON Option ALPHA ANS
calculator,calculator/calculator_graphing_calculator_close_up_000002.jpg,8,0.8723,643.69,651.71,7C ex log In M= M Sto M+
calculator,calculator/calculator_graphing_calculator_close_up_000003.jpg,44,0.7606,5810.22,5822.5,4 88 Clip ON a Sin Cos 8 tan 2 er Sto alamy 4 5 6 List 2 3 4 alamy Exe a a alamy alamny a 4 4 Image ID: 2DINY7O alamy WW
calculator,calculator/calculator_graphing_calculator_close_up_000004.jpg,24,0.8271,4450.0,4470.09,00 Daaw INS Tool Del ON log tan sin alamu alamy 2 alammy alamy alamy Image ID: 2DINYHB alamy WWW alamycom STAT Off MATH 
calculator,calculator/calculator_graphing_calculator_close_up_000005.jpg,14,0.8833,3423.88,3438.84,alamy Vars 8 4 5 2 ANS K alamy alamy Image ID: 2DINYGN alamy alamycom ENTER
calculator,calculator/calculator_graphing_calculator_close_up_000006.jpg,28,0.7797,3804.0,3815.69,"88 Falamy tan""' € 8 RCL 8 5 6 2 3 Exe 0 ANS ny al alamy 4 4 alamy a a ID: 2DINY79 alamy alamy com Sto anm FINANCE Image"
calculator,calculator/calculator_graphing_calculator_close_up_000007.jpg,15,0.8413,3851.18,3860.0,alamy 8 5 4 2 ny al alamy 4 alamy a a Image ID: 2DINY9G alamy alamy com
calculator,calculator/calculator_graphing_calculator_close_up_000008.jpg,26,0.8179,4785.88,4798.13,4 4 ock tan 8 2 alamy 4 alamy alamy a Image ID: 2DINYCZ alamy WWW. Lalamy com TBL SET SPLIT CLIP SOLVER STAT] Jog Math] 
calculator,calculator/calculator_graphing_calculator_close_up_000009.jpg,30,0.7704,5798.53,5813.81,a alamy a n a & 3 4 1 ) Image ID: AZEZEM alamy WWW alamycom Del Dista Stat Mode Quit TAN Draw Znd ANGLE ALPHA MATRX 2 e*
calculator,calculator/calculator_graphing_calculator_close_up_000010.jpg,13,0.8071,3323.77,3333.19,alamy 4 2 ny al alamy alamy a Image ID: ZDINYC6 alamy alamycom OFF ANS
calculator,calculator/calculator_graphing_calculator_close_up_000011.jpg,6,0.8709,3353.61,3368.4,alamy alamy alamy alamy alamy WWW alamycom
calculator,calculator/calculator_graphing_calculator_close_up_000012.jpg,47,0.8671,6558.56,6578.64,SUB EZ 88 PrGM ON INS SET UP BS DEL 10* tan log sin tan sin Cos OPTION WARS a StO 8 FINANCE U L6 X 5 6 4 EXE L3 L2 2 3 A
calculator,calculator/calculator_graphing_calculator_close_up_000013.jpg,22,0.8108,2032.98,2039.86,4 0 alamy 2 0 alamy 4 alamy alamy 4 Image ID: 2DINYZB alamy WWW. Lalamy com TABLE CLIP OPTION STAT OFF e/6 ENTER SPACE
calculator,calculator/calculator_graphing_calculator_close_up_000014.jpg,10,0.8364,5240.28,5259.66,8 7 4 5 2 1 ID 201924955 Wirestock < KENTER
calculator,calculator/calculator_graphing_calculator_close_up_000015.jpg,2,0.6365,533.27,538.72,Oun VARS
calculator,calculator/calculator_graphing_calculator_close_up_000016.jpg,14,0.8176,2503.38,2510.8,+ 0 0 6 a 2 a alamy alaly Image ID: 2DINYH3 alamy alamy com ENTER SPACE
calculator,calculator/calculator_graphing_calculator_close_up_000017.jpg,10,0.8384,1890.04,1902.56,01 0 Image ID: MZCDZO alamy WWW alamy com 2 4 1 1
calculator,calculator/calculator_graphing_calculator_close_up_000018.jpg,24,0.8701,4207.22,4215.35,a alamy a a alamy 8 a alamy alamy a a a a alamy a a a a alami Image ID: 2E29M26 alamy WWW alamy com 8
calculator,calculator/calculator_graphing_calculator_close_up_000019.jpg,31,0.8566,5415.79,5435.37,INS ab In 8 L5 9 4 L6 5 L3 X 2 3 0 dreamrtime.com ID 201925070 Wirestock MATH Sin DEL SET UP Jan tan VAAS Xiertin LIST F
calculator,calculator/calculator_graphing_calculator_close_up_000020.jpg,32,0.7952,3301.74,3310.58,08 Sub 05 Sin INS cos 8 5 6 2 a 3 ANS ny al alamy 4 alamy a alamy alamy com SPLIT [OOL DEL] tant Hdr RCL log OPTION ~SPA
calculator,calculator/calculator_graphing_calculator_close_up_000021.jpg,1,0.6745,727.96,733.27,Del
calculator,calculator/calculator_graphing_calculator_close_up_000022.jpg,11,0.8725,3104.8,3111.7,alamy ny al alamy a alamy a a Image ID: 2DINY9F alamy alamy com
calculator,calculator/calculator_graphing_calculator_close_up_000023.jpg,7,0.8411,3778.21,3795.12,8 6 2 ID 201924941 Wirestock ENTEA dre
calculator,calculator/calculator_graphing_calculator_close_up_000024.jpg,14,0.798,3127.36,3135.05,88 De 10* ON Jog alamy alamy alamy Image ID: 2DINYHK alamy WWW alamycom GAAPH Option tan
calculator,calculator/calculator_graphing_calculator_close_up_000025.jpg,0,0.0,239.44,243.31,
calculator,calculator/calculator_graphing_calculator_close_up_000026.jpg,1,0.7559,493.43,497.54,ENTEA
calculator,calculator/calculator_graphing_calculator_close_up_000027.jpg,5,0.6564,358.18,361.35,List exe ENTRY ANS ENteR
calculator,calculator/calculator_graphing_calculator_close_up_000028.jpg,2,0.8083,134.09,135.79,shutterstockcom 1853673379
calculator,calculator/calculator_graphing_calculator_close_up_000029.jpg,10,0.8449,2763.21,2774.81,4 alamy a al alamy alamy a Image ID: 2DINYCS alamy alamycom
calculator,calculator/calculator_graphing_calculator_close_up_000030.jpg,35,0.8102,2903.74,2915.01,4 og 4 4 on tan sin 4 alamy 8 6 6 8 2 alamy 4 alamy alamny 4 4 Image ID: 2DINYOR alamy WWW. Lalamy com SPLIT CLIP_ (STAT
calculator,calculator/calculator_graphing_calculator_close_up_000031.jpg,31,0.8305,2963.13,2976.81,DEI 96 4 8 4 9 5 6 2 alamy 3 alainy ( alamy a 4 4 alamy alamy 4 alamy WWW alamy com INS rcL VARS | OPTION Xertn SPACE EN
calculator,calculator/calculator_graphing_calculator_close_up_000032.jpg,21,0.7056,5081.16,5098.12,X 6 6 2 ID 201924959 Wirestock Dim SPLIT SET UP JNS OPTION log PrGM ON NANCE 05 LIST sin (-) ~SPACE Ure
calculator,calculator/calculator_graphing_calculator_close_up_000033.jpg,4,0.9221,733.73,737.12,clenr gettyimages Credit: mbbirdy 157313806
calculator,calculator/calculator_scientific_calculator_on_desk_000001.jpg,11,0.9064,840.09,844.99,8 9 5 6 2 3 3 Del Rnd EXP Ans
calculator,calculator/calculator_scientific_calculator_on_desk_000002.jpg,0,0.0,535.81,541.72,
calculator,calculator/calculator_scientific_calculator_on_desk_000003.jpg,33,0.8295,6569.25,6586.56,6 In 8 9 5 6 2 0 T 3 drcamjtime.com ID 159120664 Andresjabois dreamrbime drcamrbime dreamrbim dreamrbime ncr abl dreamrb
calculator,calculator/calculator_scientific_calculator_on_desk_000004.jpg,39,0.8087,3652.68,3662.81,Edltor El-9650 Equation CALC TBLSET SUB SPLIT Zoom TABLE CLIP EZ 88 OFF STAT ON INs ALOCK MPHA MMath 40* log tan OPTION 
calculator,calculator/calculator_scientific_calculator_on_desk_000005.jpg,3,0.8273,5847.83,5864.05,ID 248777743 Gntrabucchi rbime
calculator,calculator/calculator_scientific_calculator_on_desk_000006.jpg,10,0.8322,593.35,597.84,OFF MU CE ON MC MR WeFs Pt F ML 00
calculator,calculator/calculator_scientific_calculator_on_desk_000007.jpg,60,0.8732,10508.12,10527.46,"Inn STAT 666*8888888888 5.919999999x1012 (tax) =sec* (a') =arlna ON SOLVE XI CALC X-1 X' DEC PEX e"" OCT x2 X"" In (lnx)' "
calculator,calculator/calculator_scientific_calculator_on_desk_000008.jpg,14,0.7922,4894.06,4915.07,8 6 3 Image ID: 309128332 WWW.depositphotos com depositphotos depositphotos dzpositphotos ExP Ans dzpositphotos depositp
calculator,calculator/calculator_scientific_calculator_on_desk_000009.jpg,15,0.9515,3090.31,3103.71,OFF CE Ac 7 8 9 4 5 6 MRC 2 3 M- M+ %
calculator,calculator/calculator_scientific_calculator_on_desk_000010.jpg,28,0.8387,2027.64,2044.11,ADVANTAGE_05 Flexible buttons for comfortable feel Increased surface area and more beautiful design Buttons are light an
calculator,calculator/calculator_scientific_calculator_on_desk_000011.jpg,49,0.8823,8371.59,8387.71,DEG M h x- STAT X+1+5=0 ZndF DRG OFF ONc arc hyp sin TAB hyp sin tan F+E CE 10* CPLX ~DEG In Ex EXP X? BIN Ex? 8 9 +62 O
calculator,calculator/calculator_scientific_calculator_on_desk_000012.jpg,34,0.8712,6220.6,6247.41,BST Kk-82MS-B SCIENTIFIC CALCULATOR SHIFT ALPHA Mode CLR ON REPLAY nCr 10 ablc In sin cos hyp sin Jan RCL ENG 8 9 DEL Ac
calculator,calculator/calculator_scientific_calculator_on_desk_000013.jpg,21,0.8348,2056.76,2069.1,log hyp 8 INS M+ OFF DEL 5 Ac 2 Rec Ans St0 Sin tan ' ENG cOS tan CONV TBASET Ranint
calculator,calculator/calculator_scientific_calculator_on_desk_000014.jpg,55,0.8917,6276.37,6292.46,DEG Calculator 2ndF DRG STAT OFF arc hyp sin tan-1 TAB hyp sin n: tan D.MS D CE 10* [Cos Xy CPLX 2 (AtB) In CosLA-B)] 6 
calculator,calculator/calculator_scientific_calculator_on_desk_000015.jpg,30,0.8391,5759.0,5774.89,BST DEXIN KK-82MS SCIENTIFIC CALCULATOR 1234567t10 Mode ClR nCr 10= a3 X In hyp an M NG 8 9 DEL AC 1 5 6 1 2 3 Rnd Rona 
calculator,calculator/calculator_scientific_calculator_on_desk_000016.jpg,24,0.9081,3367.75,3385.56,IA C x-1 2 sin sin M dreamjtimecom ID 280939147 Luboslav Ivanko 8 CLR ON COPY LOGIC HEX BIN log cos-1 tan-1 tan M- Abs M
calculator,calculator/calculator_scientific_calculator_on_desk_000017.jpg,28,0.8657,3182.95,3201.9,991ES/991MS] Exam recommendation student function type 33X+51-42X-11 The denominator of the solution is 33X+51-42X-11 0.
calculator,calculator/calculator_scientific_calculator_on_desk_000018.jpg,0,0.0,469.76,477.6,
calculator,calculator/calculator_scientific_calculator_on_desk_000019.jpg,3,0.7159,5569.35,5601.8,0 8 0
calculator,calculator/calculator_scientific_calculator_on_desk_000020.jpg,17,0.9051,1369.0,1381.21,"VAORLO Jzl-Ta"" 10 @p 10 Digits One-Click Dual Eye Environmental Repeated Display Erase Power Protection Friendly Writing"
calculator,calculator/calculator_scientific_calculator_on_desk_000021.jpg,0,0.0,471.35,475.12,
calculator,calculator/calculator_scientific_calculator_on_desk_000022.jpg,3,0.6685,605.59,610.0,528 {96909 TZ+3XS 5287
backpack,backpack/backpack_school_backpack_on_desk_000001.jpg,0,0.0,865.78,872.71,
backpack,backpack/backpack_school_backpack_on_desk_000003.jpg,0,0.0,345.38,350.77,
backpack,backpack/backpack_school_backpack_on_desk_000004.jpg,11,0.8551,3832.59,3840.22,U) a alamy alamy 09 4 lamy Image ID: 2TSXCOB alamy WWW. alamy com
backpack,backpack/backpack_school_backpack_on_desk_000005.jpg,13,0.8243,3165.87,3176.27,a a 9 a a alamy alamy alamy alamy Image ID: ZRMXNN5 alamy WWW. alamy com
backpack,backpack/backpack_school_backpack_on_desk_000006.jpg,0,0.0,633.13,641.89,
backpack,backpack/backpack_school_backpack_on_desk_000007.jpg,13,0.7856,7271.36,7281.36,4 alamy a alamy a alamy a alamu alamu Image ID: 2BFMOC9 alamy WWW. alamy com
backpack,backpack/backpack_school_backpack_on_desk_000008.jpg,9,0.8855,5828.9,5862.75,"9 IMAGE ID: 2019163214 shutterstesck"" wwvwshutterstockcom Pixel-Shot shutte Shot Pixel shutterstck"
backpack,backpack/backpack_school_backpack_on_desk_000009.jpg,0,0.0,455.76,460.82,
backpack,backpack/backpack_school_backpack_on_desk_000010.jpg,2,0.8172,591.74,596.72,1 8
backpack,backpack/backpack_school_backpack_on_desk_000011.jpg,9,0.7184,4335.79,4348.1,dreamjtime.com ID 323380386 Maksim Vagizov amn dreamrbime dreamstime dreamrbimg Gmc Gmc
backpack,backpack/backpack_school_backpack_on_desk_000012.jpg,5,0.9957,3410.14,3420.57,ID: 2BKHJPN alamy WWW alamycom Image
backpack,backpack/backpack_school_backpack_on_desk_000013.jpg,7,0.761,7300.45,7322.81,ID 332703133 Mikhalai Krasutsky dreamrbime dreomrbime dreambime dreamrbime dreamrbime
backpack,backpack/backpack_school_backpack_on_desk_000014.jpg,0,0.0,599.95,610.49,
backpack,backpack/backpack_school_backpack_on_desk_000015.jpg,7,0.6963,4781.82,4794.15,dreamjtime.com ID 352924922 Anastasiia Torianyk drcamjb dream drea Gime
backpack,backpack/backpack_school_backpack_on_desk_000016.jpg,1,0.7285,1090.53,1103.57,Gimce
backpack,backpack/backpack_school_backpack_on_desk_000017.jpg,3,0.8071,3847.78,3866.48,ID 221083450 Natalia   Tishkova Gme
backpack,backpack/backpack_school_backpack_on_desk_000018.jpg,0,0.0,376.93,382.37,
backpack,backpack/backpack_school_backpack_on_desk_000019.jpg,2,0.7256,1793.21,1798.06,e ock
backpack,backpack/backpack_school_backpack_on_desk_000020.jpg,8,0.6844,5795.52,5807.78,"0 IMAGE ID: 2186049317 shutterstosck"" WWW shutterstockcom S_Photo PPhoto shuttersteck shuttersts"
backpack,backpack/backpack_school_backpack_on_desk_000021.jpg,0,0.0,401.12,405.38,
backpack,backpack/backpack_school_backpack_on_desk_000022.jpg,0,0.0,310.0,313.36,
backpack,backpack/backpack_school_backpack_on_desk_000023.jpg,0,0.0,306.26,309.53,
backpack,backpack/backpack_school_backpack_on_desk_000024.jpg,0,0.0,270.79,274.02,
backpack,backpack/backpack_school_backpack_on_desk_000025.jpg,0,0.0,1170.75,1173.48,
backpack,backpack/backpack_school_backpack_on_desk_000026.jpg,0,0.0,335.44,342.87,
backpack,backpack/backpack_school_backpack_on_desk_000027.jpg,4,0.8216,4297.74,4311.8,drcamjtime.com ID 158288361 Chernetskaya 1
backpack,backpack/backpack_school_backpack_on_desk_000028.jpg,3,0.9376,546.92,550.59,gettyimages Credite Jupiterimages 86542600
backpack,backpack/backpack_school_backpack_on_desk_000029.jpg,0,0.0,592.28,595.14,
backpack,backpack/backpack_school_backpack_on_desk_000030.jpg,0,0.0,535.72,539.62,
backpack,backpack/backpack_school_backpack_on_desk_000031.jpg,0,0.0,727.96,733.22,
backpack,backpack/backpack_school_backpack_on_desk_000032.jpg,10,0.8861,2249.5,2260.48,a a alamy a alamy 4 Image ID: 2TZ5ERR alamy WWW. alamy com
backpack,backpack/backpack_school_backpack_on_desk_000033.jpg,0,0.0,426.12,434.17,
backpack,backpack/backpack_school_bag_on_classroom_floor_000001.jpg,10,0.7878,2177.49,2188.86,a 7 ala alamy 4 4 Image ID: BTZEXX alamy WWW . alamy com
backpack,backpack/backpack_school_bag_on_classroom_floor_000002.jpg,0,0.0,352.62,357.13,
backpack,backpack/backpack_school_bag_on_classroom_floor_000003.jpg,0,0.0,339.98,343.19,
backpack,backpack/backpack_school_bag_on_classroom_floor_000004.jpg,0,0.0,328.08,331.78,
backpack,backpack/backpack_school_bag_on_classroom_floor_000005.jpg,0,0.0,351.19,354.51,
backpack,backpack/backpack_school_bag_on_classroom_floor_000006.jpg,0,0.0,617.99,623.76,
backpack,backpack/backpack_school_bag_on_classroom_floor_000007.jpg,0,0.0,353.86,357.03,
backpack,backpack/backpack_school_bag_on_classroom_floor_000008.jpg,0,0.0,341.96,345.14,
backpack,backpack/backpack_school_bag_on_classroom_floor_000009.jpg,7,0.8523,2687.18,2697.94,al alamy alamu Image ID: BTZEXT alamy WWW. alamy com
backpack,backpack/backpack_school_bag_on_classroom_floor_000010.jpg,3,0.786,1292.02,1298.72,Idobe Stoc Stock
backpack,backpack/backpack_school_bag_on_classroom_floor_000011.jpg,8,0.9276,1759.16,1766.3,amu alaly alamy alamy 4 Image ID: BTZEYE alamy alamy com
backpack,backpack/backpack_school_bag_on_classroom_floor_000012.jpg,0,0.0,432.12,435.29,
backpack,backpack/backpack_school_bag_on_classroom_floor_000013.jpg,0,0.0,556.03,560.85,
backpack,backpack/backpack_school_bag_on_classroom_floor_000015.jpg,0,0.0,254.7,258.08,
backpack,backpack/backpack_school_bag_on_classroom_floor_000016.jpg,3,0.6347,861.55,865.56,1 Adobe Stock
backpack,backpack/backpack_school_bag_on_classroom_floor_000017.jpg,0,0.0,313.04,315.83,
backpack,backpack/backpack_school_bag_on_classroom_floor_000018.jpg,0,0.0,339.22,343.11,
backpack,backpack/backpack_school_bag_on_classroom_floor_000019.jpg,10,0.8986,2692.88,2703.65,4 alamy 4 alamy alamy alamy Image ID: AWOERY alamy WWW. alamy com
backpack,backpack/backpack_school_bag_on_classroom_floor_000020.jpg,10,0.8216,6498.8,6536.39,OFF @FF QFF OFF OFF OFF OFF OFF offset com/photos/132855 Cavan Images
backpack,backpack/backpack_school_bag_on_classroom_floor_000021.jpg,0,0.0,613.16,622.88,
backpack,backpack/backpack_school_bag_on_classroom_floor_000022.jpg,0,0.0,352.93,358.23,
backpack,backpack/backpack_school_bag_on_classroom_floor_000023.jpg,6,0.8093,4423.44,4437.32,a 4 alamg Image ID: 2EAPASW alamy alamy com
backpack,backpack/backpack_school_bag_on_classroom_floor_000024.jpg,0,0.0,350.53,355.44,
backpack,backpack/backpack_school_bag_on_classroom_floor_000025.jpg,1,0.615,606.22,610.9,Gime
backpack,backpack/backpack_school_bag_on_classroom_floor_000026.jpg,4,0.9348,1410.79,1416.23,1 Ade Stock 8
backpack,backpack/backpack_school_bag_on_classroom_floor_000027.jpg,0,0.0,604.39,608.48,
backpack,backpack/backpack_school_bag_on_classroom_floor_000028.jpg,2,0.9998,180.03,182.62,alamy BNWMDN
backpack,backpack/backpack_school_bag_on_classroom_floor_000029.jpg,9,0.8817,4745.19,4753.53,alamy alamy alamy alamy alamy Image ID: 2XX6X1O alamy WWW. alamy com
backpack,backpack/backpack_school_bag_on_classroom_floor_000030.jpg,2,0.9778,5546.94,5572.76,Rood Holy
backpack,backpack/backpack_school_bag_on_classroom_floor_000031.jpg,1,0.8191,6298.12,6316.62,Attend to
backpack,backpack/backpack_school_bag_on_classroom_floor_000032.jpg,0,0.0,618.47,625.15,
backpack,backpack/backpack_school_bag_on_classroom_floor_000033.jpg,3,0.9671,174.26,176.57,a alamy BTZEXX
backpack,backpack/backpack_student_wearing_backpack_in_ha_000001.jpg,0,0.0,432.85,437.43,
backpack,backpack/backpack_student_wearing_backpack_in_ha_000002.jpg,9,0.9326,3220.57,3233.32,a alamy alamy a alamy Image ID: D8BZTH alamy WWW. alamy com
backpack,backpack/backpack_student_wearing_backpack_in_ha_000003.jpg,0,0.0,641.93,646.81,
backpack,backpack/backpack_student_wearing_backpack_in_ha_000004.jpg,0,0.0,458.8,463.0,
backpack,backpack/backpack_student_wearing_backpack_in_ha_000005.jpg,0,0.0,427.51,433.6,
backpack,backpack/backpack_student_wearing_backpack_in_ha_000006.jpg,5,0.8373,1008.58,1013.5,HH 1 { Adobe obe
backpack,backpack/backpack_student_wearing_backpack_in_ha_000007.jpg,6,0.8603,4786.53,4798.32,Vecteez cteezy Veeieez Vecteezy cteezy Vecteez
backpack,backpack/backpack_student_wearing_backpack_in_ha_000008.jpg,0,0.0,480.84,486.93,
backpack,backpack/backpack_student_wearing_backpack_in_ha_000009.jpg,0,0.0,497.36,501.28,
backpack,backpack/backpack_student_wearing_backpack_in_ha_000010.jpg,0,0.0,344.24,347.78,
backpack,backpack/backpack_student_wearing_backpack_in_ha_000011.jpg,0,0.0,444.38,448.29,
backpack,backpack/backpack_student_wearing_backpack_in_ha_000012.jpg,0,0.0,419.04,423.1,
backpack,backpack/backpack_student_wearing_backpack_in_ha_000013.jpg,0,0.0,425.32,430.31,
backpack,backpack/backpack_student_wearing_backpack_in_ha_000014.jpg,2,0.9405,2076.03,2081.94,Adobe Stock
backpack,backpack/backpack_student_wearing_backpack_in_ha_000015.jpg,0,0.0,441.5,444.81,
backpack,backpack/backpack_student_wearing_backpack_in_ha_000016.jpg,0,0.0,261.21,264.71,
backpack,backpack/backpack_student_wearing_backpack_in_ha_000017.jpg,7,0.9325,3319.94,3328.49,alamy am alamy Image ID: D8BZTP alamy WWW. alamy com
backpack,backpack/backpack_student_wearing_backpack_in_ha_000018.jpg,0,0.0,337.56,342.81,
backpack,backpack/backpack_student_wearing_backpack_in_ha_000019.jpg,0,0.0,401.82,406.44,
backpack,backpack/backpack_student_wearing_backpack_in_ha_000020.jpg,0,0.0,489.65,494.71,
backpack,backpack/backpack_student_wearing_backpack_in_ha_000021.jpg,0,0.0,656.58,661.2,
backpack,backpack/backpack_student_wearing_backpack_in_ha_000022.jpg,0,0.0,431.82,435.75,
backpack,backpack/backpack_student_wearing_backpack_in_ha_000023.jpg,0,0.0,621.23,625.47,
backpack,backpack/backpack_student_wearing_backpack_in_ha_000024.jpg,0,0.0,593.71,598.26,
backpack,backpack/backpack_student_wearing_backpack_in_ha_000025.jpg,0,0.0,308.57,311.79,
backpack,backpack/backpack_student_wearing_backpack_in_ha_000026.jpg,11,0.8813,2378.87,2387.92,alamy alamy alamy a alamy a a Image ID: 3BG465B alamy WWW. alamy com
backpack,backpack/backpack_student_wearing_backpack_in_ha_000027.jpg,0,0.0,649.71,656.45,
backpack,backpack/backpack_student_wearing_backpack_in_ha_000028.jpg,0,0.0,254.14,256.88,
backpack,backpack/backpack_student_wearing_backpack_in_ha_000029.jpg,0,0.0,427.93,431.73,
backpack,backpack/backpack_student_wearing_backpack_in_ha_000030.jpg,0,0.0,380.91,384.54,
backpack,backpack/backpack_student_wearing_backpack_in_ha_000031.jpg,0,0.0,324.86,328.38,
backpack,backpack/backpack_student_wearing_backpack_in_ha_000032.jpg,11,0.8812,4015.1,4025.57,a a 4 alamy a alamy alar Image ID: 3AG53N2 alamy WWW alamy com
backpack,backpack/backpack_student_wearing_backpack_in_ha_000033.jpg,0,0.0,402.74,407.12,
periodic_table_poster,periodic_table_poster/periodic_table_poster_chemistry_classroom_with_perio_000001.jpg,7,0.8887,165.22,169.04,THE Ne Ga Ge Kr Fm Md TABLE PERI ODIC
periodic_table_poster,periodic_table_poster/periodic_table_poster_chemistry_classroom_with_perio_000002.jpg,191,0.9603,3152.28,3194.03,VIIIA Periodic Table of the Elements H IIA IIIA IVA VA VIA VIIA He Akallne Transition Basic Non Noblc J0 Mctals Metals H
periodic_table_poster,periodic_table_poster/periodic_table_poster_chemistry_classroom_with_perio_000003.jpg,376,0.8921,17570.35,17592.39,"hydrogen PERIODIC TABLE OF THE ELEMENTS helium H He 1,0079 4,0026 beryllium boron Garbom fluorine neon Li Be Nonmetals O"
periodic_table_poster,periodic_table_poster/periodic_table_poster_chemistry_classroom_with_perio_000004.jpg,4,0.7692,438.71,442.58,PFRIODIG TABLE OF ELEMENTS E PERIODIC TABLE OF ELEMEL COLLABORATION POSTER
periodic_table_poster,periodic_table_poster/periodic_table_poster_chemistry_classroom_with_perio_000005.jpg,161,0.9129,4149.65,4161.23,PERIODIC TABLE OF THE ELEMENTS He Be Nonmetals Ne metals Lanthanidcs Alkaline earth metals Actinidcs Na Mg Transition el
periodic_table_poster,periodic_table_poster/periodic_table_poster_chemistry_classroom_with_perio_000006.jpg,107,0.9271,8492.59,8512.26,p 2 72 Periodic Table of the Elements ALKALI METAL NONMETAL H Symbol H ALKALINE METAL HALOGENS 18 Be Name TRANSITIONAL M
periodic_table_poster,periodic_table_poster/periodic_table_poster_chemistry_classroom_with_perio_000007.jpg,119,0.8307,14665.96,14692.07,PERIODIC TABLE Of THE ELEMENTS SYMBOL He ATOMIC ALKALI METAL NONMETAL H NAME HYDROGEN ALKALINE METAL HALOGENS 14 16 Ne T
periodic_table_poster,periodic_table_poster/periodic_table_poster_chemistry_classroom_with_perio_000008.jpg,65,0.8625,8189.1,8207.18,PERIODIc TABLE OF THE ELEMENTS Human Body Alkali Metals Non-Melals Jop ten elements Dy weignt Halogens Earth's Crust Gro
periodic_table_poster,periodic_table_poster/periodic_table_poster_chemistry_classroom_with_perio_000009.jpg,7,0.779,3389.51,3403.92,SCic 8 2 72 PERIODIC TABLE OF THE ELEMENTS (Looh h
periodic_table_poster,periodic_table_poster/periodic_table_poster_chemistry_classroom_with_perio_000010.jpg,34,0.8307,2179.85,2189.55,PERIODIC TABLE POSTERS A PERIODIC TABLE TRENDS Mn Zzn Sr Mo Tc Hg A Re Ho Am | Cm Md No ATOMIC STRUCTURES carbon ELEMENT
periodic_table_poster,periodic_table_poster/periodic_table_poster_chemistry_classroom_with_perio_000011.jpg,85,0.9332,3826.71,3839.11,Periodic Table of Elements He COLOR KEY: State Room 26 VIA VIIA Symbol - Be Fe Iron Standard 55.845 OPEN Atomlc Na Mg We
periodic_table_poster,periodic_table_poster/periodic_table_poster_chemistry_classroom_with_perio_000012.jpg,117,0.8918,15822.67,15857.26,4 p 2 PERIODIC TABLE OF THE ELEMENTS ALKALI NETAL H NUHDER ALKALINE METAL NONMETAL HALOGENS Li Be Mane NOBLE GAS 14 BASI
periodic_table_poster,periodic_table_poster/periodic_table_poster_chemistry_classroom_with_perio_000013.jpg,5,0.8804,401.63,407.54,PRINTABLE PERIODIC TABLE FOR CLASSROOM WALL Fm Md Print and Color Code the Elements however you likel
periodic_table_poster,periodic_table_poster/periodic_table_poster_chemistry_classroom_with_perio_000014.jpg,110,0.9065,7888.48,7900.36,PERIODIC TABLE Of ThE ELEMENTS NONMETAL He ALKALINE METAL HALOGENS Be SYMBOL TRANSITIOMAL METAL NOBLE GAS B Ne BASIC MET
periodic_table_poster,periodic_table_poster/periodic_table_poster_chemistry_classroom_with_perio_000016.jpg,13,0.7901,12456.27,12487.29,1234 5 9 ATOHIC HYOROGEN BE FQUND SUN HETALLOIO MT My 57-71 TASKPINS 6 )
periodic_table_poster,periodic_table_poster/periodic_table_poster_chemistry_classroom_with_perio_000017.jpg,2,0.8784,975.35,983.42,HYDROGEM Mg
periodic_table_poster,periodic_table_poster/periodic_table_poster_chemistry_classroom_with_perio_000018.jpg,22,0.8924,652.98,657.79,THE Hel Ne Na Ca Zn Ga Ge Br |Kr Rb Mo Ag Cd Sb Cs Ba Hf Ra Dbi Sg Bh Hs Mt Ds  Rg Cn Nh Mc Gd Tb Dy Ho Er Tm Yb IMd No 
periodic_table_poster,periodic_table_poster/periodic_table_poster_chemistry_classroom_with_perio_000020.jpg,8,0.9104,1110.15,1119.59,A Level Periodic Table Poster The Periodic Table of the Elements Editable Options Available B&W Options Available DEYOND
periodic_table_poster,periodic_table_poster/periodic_table_poster_chemistry_classroom_with_perio_000022.jpg,475,0.9404,21005.2,21046.62,THE PERIODIC TABLE OF ELEMENTS 18 1.008 2 4.003 H Atomic Average Alkali Metals Non-metals He Number 1.008 Atomic Hydroge
periodic_table_poster,periodic_table_poster/periodic_table_poster_chemistry_classroom_with_perio_000023.jpg,271,0.9022,9677.77,9696.66,"Periodic Table Of The Elements VIIIA Atomic Number H H Symbol He Hydrogen Hclium VIA VIIA Name Hydrogen 1,008 Atomic Wei"
periodic_table_poster,periodic_table_poster/periodic_table_poster_chemistry_classroom_with_perio_000024.jpg,52,0.9511,4735.95,4757.67,THE PERIODIC TABLE OF ELEMENTS H Ne ctnlde Na Mg Ca Mn Cu Gu Rb Nb Mo Ru Rh Pd Ag Cd Cs Ba Hf Rc Hg Pb Ra Rf Db Sg Hs Mt
periodic_table_poster,periodic_table_poster/periodic_table_poster_chemistry_classroom_with_perio_000026.jpg,0,0.0,148.9,151.89,
periodic_table_poster,periodic_table_poster/periodic_table_poster_chemistry_classroom_with_perio_000027.jpg,140,0.8681,5409.5,5425.51,The periodic table isall of the known elements in order of atomic number Periodic Table Alkali metal Transition metals O
periodic_table_poster,periodic_table_poster/periodic_table_poster_chemistry_classroom_with_perio_000028.jpg,423,0.9181,36063.78,36111.54,"24"" Periodic Table of Elements Group 18 IA VIIIA H He Hydrogen COLOR KEY: Atomic State at Room Helium 008 Number Tempera"
periodic_table_poster,periodic_table_poster/periodic_table_poster_chemistry_classroom_with_perio_000029.jpg,94,0.9653,3229.75,3239.12,PERIODiC TABLE OF ELEMENTS He Be H F Ne Na Mg Si P Cl Ar Ca Sc Mn Fe Co Cu Zn Ga Ge As Se Br Kr Rb Sr Nb Mo Tc Ru Rh Pd 
periodic_table_poster,periodic_table_poster/periodic_table_poster_chemistry_classroom_with_perio_000031.jpg,14,0.7432,1502.5,1507.88,Periodic TABLE Of ThE ELEMENTS 5 Mn 1 Kr PERIODIC TABLE OF THE ELEMENTS Actnidei Mg Si 5 Mn 1 Kr Ma
periodic_table_poster,periodic_table_poster/periodic_table_poster_chemistry_classroom_with_perio_000032.jpg,86,0.8468,2269.64,2278.74,"n18] Hel 14] 15] 16] 17 4,003 13 N F Nel B 14.007 18.998 20.180 10.811 Al Si P S Ar Mg 10 26982 28.036 32066 35.453 3994"
periodic_table_poster,periodic_table_poster/periodic_table_poster_chemistry_classroom_with_perio_000033.jpg,339,0.8963,19318.1,19355.65,PERIODIC TABLE Of The ELEMENTS 18 SYMBOL He HYDROGEN HELIUM ATOMIC ALKALI METAL NONMETAL NUMBER H SUN NAME HYDROGEN ALKA
periodic_table_poster,periodic_table_poster/periodic_table_poster_periodic_table_of_the_elements_000001.jpg,105,0.9637,5792.28,5805.08,Periodic Table of the Glements H He Be B Ne Na Mg AI Si S Ar Ca Sc Cr Mn Fe Co Ni Zn Ga Ge As Se Br Kr Rb Sr Zr Nb Mo Tc
periodic_table_poster,periodic_table_poster/periodic_table_poster_periodic_table_of_the_elements_000002.jpg,131,0.9496,6309.29,6331.02,Periodic Table of the Elements 10 11 12 13 14 15 16 17 18 H Alkali Metal Nonmeta He Alkalinc Earth Halogcn Be Symbol Tra
periodic_table_poster,periodic_table_poster/periodic_table_poster_periodic_table_of_the_elements_000003.jpg,401,0.8986,15596.74,15629.04,"1,008 Periodic Table of Elements 4.003 H He Hydrogen Helium 6.941 9.012 Atomic Number Alkali Metal Metalloid Lanthanide "
periodic_table_poster,periodic_table_poster/periodic_table_poster_periodic_table_of_the_elements_000004.jpg,474,0.9416,13942.32,13993.51,Periodic Table of the Elements 18 IA VIIIA Atomic Number 92 H 18 He Symbol Electrons per shell 13 14 15 16 Hydrogen Heli
periodic_table_poster,periodic_table_poster/periodic_table_poster_periodic_table_of_the_elements_000005.jpg,227,0.9489,10125.06,10137.2,Alaly 4 alally 4 PERIODIC TABLE OF ELEMENTS H He a a a 10 Li Be N F Ne oron 11 12 13 16 18 a a a Na Al Si P S Cl Ar Alum
periodic_table_poster,periodic_table_poster/periodic_table_poster_periodic_table_of_the_elements_000006.jpg,474,0.8966,17307.21,17327.11,VIIIA Periodic Table of the Elements 8A L008 4003 H He Hydrogen ATOMIC IIIA IVA VA VIA VIIA Helium 2A NUMBER MASS 3A 4A 
periodic_table_poster,periodic_table_poster/periodic_table_poster_periodic_table_of_the_elements_000007.jpg,342,0.9001,4911.59,4920.18,Periodic Table of the Elements Alkalal metals Post-transition metals Atomic number Alkaline earth metals Metalloids He H
periodic_table_poster,periodic_table_poster/periodic_table_poster_periodic_table_of_the_elements_000008.jpg,346,0.8843,8291.4,8306.33,"PERIODIC TABLE OF THE ELEMENTS group Alkali Alkaline Transition Basic Noble Actinide 1,00794 Earth_ Meta Metalloid Nonme"
periodic_table_poster,periodic_table_poster/periodic_table_poster_periodic_table_of_the_elements_000009.jpg,445,0.9212,12176.86,12202.68,18 VIIIA 8A H THE PERIODIC TABLE 13 16 17 He Hydrogen IIA IA VS VIA VIIA Helium 1008 2A 3A 4A 5A 6A 7A 4.003 Li Be OF TH
periodic_table_poster,periodic_table_poster/periodic_table_poster_periodic_table_of_the_elements_000010.jpg,447,0.9393,19003.28,19031.79,PERIODIC TABLE OF THE ELEMENTS 1.0079 4.0026 Alkali metal Metalloid H Atomic number 5 10.811 Atomic mass He Alkaline ear
periodic_table_poster,periodic_table_poster/periodic_table_poster_periodic_table_of_the_elements_000011.jpg,437,0.9395,25615.02,25780.82,"2 He hydrogen helium 008 [1.0078, 1.0082] 4.0026 3 5 8 9 10 Li Be B N F Ne lithium beryllium boron carbon nitrogen oxyge"
periodic_table_poster,periodic_table_poster/periodic_table_poster_periodic_table_of_the_elements_000012.jpg,492,0.943,18315.66,18356.12,Periodic Table of the Elements 1A httpIIchemistryabout_com 8A 2012 Todd Helmenstine H About Chemistry He 1.00794 4.00260
periodic_table_poster,periodic_table_poster/periodic_table_poster_periodic_table_of_the_elements_000013.jpg,494,0.9329,18712.87,18746.12,18 Periodic Table of the Elements VAA H KEY 13 14 15 16 17 He Hydrogen IIA Atomic Number Colour denotes IIIA IVA VA VIA 
periodic_table_poster,periodic_table_poster/periodic_table_poster_periodic_table_of_the_elements_000014.jpg,478,0.9529,10541.55,10565.95,H Periodic Table of the Elements He Hydrogen Helium 1.008 4.003 Number 10 Li Be B N 0 F Ne Lithium Beryllium Symbol Boro
periodic_table_poster,periodic_table_poster/periodic_table_poster_periodic_table_of_the_elements_000015.jpg,105,0.9042,4509.08,4521.76,PERIODIC TABLE OF THE ELEMENTS He VIIA Li Be N Ne 901ia 238.0289 Uranium Na Mg Al Si CI Ar Ca Sc Ti Cr Mn Fe Co Ni Cu Zn
periodic_table_poster,periodic_table_poster/periodic_table_poster_periodic_table_of_the_elements_000016.jpg,368,0.9312,19683.54,19710.6,THE PERIODIC TABLE OF ELEMENIS H Symbol color: He Reactive non-metals Metalloids Hydrogen Key: Black: Solid Gray: Liquid
periodic_table_poster,periodic_table_poster/periodic_table_poster_periodic_table_of_the_elements_000017.jpg,455,0.9371,21826.71,21854.32,H Category He Hydrogen Helium 1.008 Diatomic Nonmetal Noble Gas 4.0026022 10 Alkali Metal Alkaline Earth Metal Li Be B N
periodic_table_poster,periodic_table_poster/periodic_table_poster_periodic_table_of_the_elements_000018.jpg,753,0.892,38366.28,38416.61,P E R | 0 D / C T A B L E Group National Institute of Atomic Properties of the Elements Standards and Technology 18 U.S.
periodic_table_poster,periodic_table_poster/periodic_table_poster_periodic_table_poster_on_class_000001.jpg,6,0.8783,2332.98,2341.77,Periodic Table of Elements Kr Aufbau rule (atomic buildir g up) Periodic trends
periodic_table_poster,periodic_table_poster/periodic_table_poster_periodic_table_poster_on_class_000002.jpg,74,0.8416,2366.24,2376.38,1.008 2 HHe 2 Li Be Alkali Metal] Alkaline Eorth] [Transition Metal Bosic Meidl Md B F Ne Lithium Beryllium 6.941 9.012 
periodic_table_poster,periodic_table_poster/periodic_table_poster_periodic_table_poster_on_class_000003.jpg,100,0.8251,3111.25,3119.46,THE PIERIODIIC TIABILE Hel 15 16] Be Ne 9012 Nal Al Si Cl Ar 2250 24.305 I10 12 26.982 o9u 35453 K Cal Sc Fe Col Zn Gel 
periodic_table_poster,periodic_table_poster/periodic_table_poster_periodic_table_poster_on_class_000004.jpg,343,0.8928,25823.65,25850.45,THE PERIODIC TABLE OF ELEMENTS Alkali Metal Nonmetal Atomic Number He Hydrogon Helium 1.008 Symbol H Alkaline Earth Li B
periodic_table_poster,periodic_table_poster/periodic_table_poster_periodic_table_poster_on_class_000005.jpg,0,0.0,981.8,986.29,
periodic_table_poster,periodic_table_poster/periodic_table_poster_periodic_table_poster_on_class_000006.jpg,2,0.8982,708.28,712.85,PERIODIC TABLE OF THE ELEMENTS
periodic_table_poster,periodic_table_poster/periodic_table_poster_periodic_table_poster_on_class_000007.jpg,426,0.9081,48311.36,48465.83,"18 2 He Helium 15 16 17 4,003 13 14| 10 8 9 2 5 N 0 F Ne [Transition Metal] Basic Metal] Metalloid] B C Neon Alkali Meta"
periodic_table_poster,periodic_table_poster/periodic_table_poster_periodic_table_poster_on_class_000008.jpg,43,0.821,18782.74,18824.56,4 p 2 PERIODIC TABLE OF THE ELEMENTS NUMBER H ALKALI NETAL NONNETAL ~HYOROGEN ALKALINE METAL 18 HALOGENS Ho TRANSITIONAL
periodic_table_poster,periodic_table_poster/periodic_table_poster_periodic_table_poster_on_class_000009.jpg,100,0.9075,5754.95,5772.7,Periodic TABLE NONMETAL KEY: haloGen H He H Be BASIC METAl Lanthanides B N 0 F Ne Na |Mg] Metalloid actinides Ai Si Ar K
periodic_table_poster,periodic_table_poster/periodic_table_poster_periodic_table_poster_on_class_000010.jpg,5,0.6553,7377.29,7392.82,THE PERIODIC TABLE OF ELEMENTS H Nami Hydrogen Looa
periodic_table_poster,periodic_table_poster/periodic_table_poster_periodic_table_poster_on_class_000011.jpg,1,0.95,569.6,582.44,THE
periodic_table_poster,periodic_table_poster/periodic_table_poster_periodic_table_poster_on_class_000012.jpg,0,0.0,1329.57,1334.68,
periodic_table_poster,periodic_table_poster/periodic_table_poster_periodic_table_poster_on_class_000013.jpg,179,0.8697,9180.03,9205.57,2 2 Li Be 6 11 12 3 Nal Metal] He 22.990 24 Gos] 40811 19 5 20 21 22 8 P K Cal 23 24 25 12 Sc Ti 26 Potassium Calcium Sc
periodic_table_poster,periodic_table_poster/periodic_table_poster_periodic_table_poster_on_class_000014.jpg,45,0.8782,3044.06,3054.1,THE PERIODIC TABLE OF ELEMENTS He H Be Hydrogen Ne Na Mg Co Sc Cr Mn Co Cu Ga Rb Nb Mo To Ru Rh Pd Cd Ba 01 Au Hg Ra Db 
periodic_table_poster,periodic_table_poster/periodic_table_poster_periodic_table_poster_on_class_000015.jpg,76,0.8463,15149.12,15178.06,Periodic Table of Elements Alkall Noble Metals Gose5 Color Key Groyp Alkali Earth Boron Carbon Nitrogen Oxygen Metals Gr
periodic_table_poster,periodic_table_poster/periodic_table_poster_periodic_table_poster_on_class_000016.jpg,110,0.9381,7019.89,7037.3,PERIODIC TABLE OF ELEMENTS H He H Li Be B N F Ne Na | Mg Al Si P 5 CI Ar 10 K @a Sc Ti Cr Mn Fe Co Ni Cu Zn Ga Ge As Se 
periodic_table_poster,periodic_table_poster/periodic_table_poster_periodic_table_poster_on_class_000017.jpg,49,0.8729,5683.49,5707.29,PERIODIC OF THE ELEMENTS Be Ne Na Mn Fe Co WNi Cu Zn Ga Ge s Rb L Nb Mo Ru Rh Sn Sb Ba W Re 05 Pb Po Ra Rf Db Sg Hs Cn N
periodic_table_poster,periodic_table_poster/periodic_table_poster_periodic_table_poster_on_class_000019.jpg,44,0.8707,8243.83,8285.3,a/ 71 87 89 X C STUpENTS PERIODIC TABLE POSTER A great wall chemistry chart for babies and chil- dren preschool age to e
periodic_table_poster,periodic_table_poster/periodic_table_poster_periodic_table_poster_on_class_000020.jpg,1,0.6364,2018.94,2025.68,Periodic Table of the Elements
periodic_table_poster,periodic_table_poster/periodic_table_poster_periodic_table_poster_on_class_000021.jpg,146,0.9507,18948.96,18979.3,THE PERIODIC TABLE OF ELEMENTS Chemical Group Block_ H Atomic Number Standard State Alkali Metal Non-Metal He Symbol H G
periodic_table_poster,periodic_table_poster/periodic_table_poster_periodic_table_poster_on_class_000022.jpg,3,0.9566,2095.63,2103.17,Periodic Table of the Elements He Sc
periodic_table_poster,periodic_table_poster/periodic_table_poster_periodic_table_poster_on_class_000023.jpg,4,0.7796,578.96,582.26,LARGE WALL PERIODIC TABLE WISE flamingo
periodic_table_poster,periodic_table_poster/periodic_table_poster_periodic_table_poster_on_class_000024.jpg,119,0.8629,11782.38,11814.9,21 44.955 53 126.904 63 151.964 14.0064 58 140.116 Sc Eu N Ce SCANDIUM IODINE EUROPIUM NITROGEN CERIUM PERIODIC TABLE SO
periodic_table_poster,periodic_table_poster/periodic_table_poster_periodic_table_poster_on_class_000025.jpg,129,0.9321,22760.09,22786.57,The Periodic Table of the Elements VIIA He Be Ne Na Mg VIIB Al ISi Cl Ar Gadium Sulfur Ca Sc Cr Mn Fe Co Ni Cu Zn Ga Ge 
periodic_table_poster,periodic_table_poster/periodic_table_poster_periodic_table_poster_on_class_000026.jpg,6,0.7194,1186.76,1191.72,What's Included? LARGE WALL PeRIODIC TABLE NUMBER Br RB Sb CREATED BY WISEilamingo
periodic_table_poster,periodic_table_poster/periodic_table_poster_periodic_table_poster_on_class_000027.jpg,46,0.823,1569.72,1586.28,1008 2 2 Li Be Alkali Metal] B Lithium Beryllum 6.941 9.012 12 Nonmeta Hologen Nobk Gas Al 3 NalMgl @6 Sodium 3] 6] 22.9
periodic_table_poster,periodic_table_poster/periodic_table_poster_periodic_table_poster_on_class_000028.jpg,127,0.9544,4759.29,4792.73,Periodic Table of the Elements VIIIA IIA IIIA IVA VIA VIIA He Alkaline Metals Metals Metal Halogen Gascs Be Pare Ne Eart
periodic_table_poster,periodic_table_poster/periodic_table_poster_periodic_table_poster_on_class_000029.jpg,4,0.7021,2459.65,2468.31,THE PERIODIC TABLE OF ELEMENTS H Hydrogen Votalold
periodic_table_poster,periodic_table_poster/periodic_table_poster_periodic_table_poster_on_class_000030.jpg,178,0.8813,28797.84,28855.64,Periodic TABLE KEY: Alkaline EARTH haloGen 2 H He Noble GAS 5 Li Be BASIC Metal B N 0 F 11 16 17 Metalloid actinides Ai 
periodic_table_poster,periodic_table_poster/periodic_table_poster_periodic_table_poster_on_class_000031.jpg,1,0.8149,1143.78,1159.26,THE PERIODIC TABLE OF ELEMENTS
periodic_table_poster,periodic_table_poster/periodic_table_poster_periodic_table_poster_on_class_000032.jpg,4,0.8901,985.61,991.59,Periodic Table Of The Elements
periodic_table_poster,periodic_table_poster/periodic_table_poster_periodic_table_poster_on_class_000033.jpg,0,0.0,165.99,167.75,
globe_model,globe_model/globe_model_classroom_globe_on_teacher_des_000001.jpg,0,0.0,334.33,342.6,
globe_model,globe_model/globe_model_classroom_globe_on_teacher_des_000002.jpg,0,0.0,386.4,390.07,
globe_model,globe_model/globe_model_classroom_globe_on_teacher_des_000003.jpg,0,0.0,341.62,345.07,
globe_model,globe_model/globe_model_classroom_globe_on_teacher_des_000004.jpg,3,0.8106,3839.07,3851.96,drcamjtime.com ID 172676066 Oksix
globe_model,globe_model/globe_model_classroom_globe_on_teacher_des_000005.jpg,0,0.0,559.06,564.61,
globe_model,globe_model/globe_model_classroom_globe_on_teacher_des_000006.jpg,0,0.0,318.98,322.55,
globe_model,globe_model/globe_model_classroom_globe_on_teacher_des_000007.jpg,0,0.0,331.52,335.28,
globe_model,globe_model/globe_model_classroom_globe_on_teacher_des_000008.jpg,0,0.0,308.33,311.76,
globe_model,globe_model/globe_model_classroom_globe_on_teacher_des_000009.jpg,0,0.0,12305.58,12323.85,
globe_model,globe_model/globe_model_classroom_globe_on_teacher_des_000010.jpg,0,0.0,24331.98,24384.06,
globe_model,globe_model/globe_model_classroom_globe_on_teacher_des_000011.jpg,2,0.9712,462.07,469.29,shutterstockcom 2158984117
globe_model,globe_model/globe_model_classroom_globe_on_teacher_des_000012.jpg,0,0.0,10765.96,10785.37,
globe_model,globe_model/globe_model_classroom_globe_on_teacher_des_000013.jpg,0,0.0,27243.05,27344.97,
globe_model,globe_model/globe_model_classroom_globe_on_teacher_des_000014.jpg,0,0.0,627.64,638.87,
globe_model,globe_model/globe_model_classroom_globe_on_teacher_des_000015.jpg,0,0.0,11457.84,11483.38,
globe_model,globe_model/globe_model_classroom_globe_on_teacher_des_000016.jpg,0,0.0,871.98,880.45,
globe_model,globe_model/globe_model_classroom_globe_on_teacher_des_000017.jpg,0,0.0,289.74,293.4,
globe_model,globe_model/globe_model_classroom_globe_on_teacher_des_000018.jpg,3,0.8358,6333.12,6351.65,ID 49207184 Wavebreakmedia Ltd dreamrbime
globe_model,globe_model/globe_model_classroom_globe_on_teacher_des_000019.jpg,0,0.0,423.71,428.67,
globe_model,globe_model/globe_model_classroom_globe_on_teacher_des_000020.jpg,9,0.8581,2763.74,2775.7,a a am alamy alamy Image ID: 2DZAAYK alamy WWW. alamy com
globe_model,globe_model/globe_model_classroom_globe_on_teacher_des_000021.jpg,7,0.9084,7145.15,7169.3,"Not can be used as a study tool, but also can be used a8 a desktop decoration to decorate your room only"
globe_model,globe_model/globe_model_classroom_globe_on_teacher_des_000022.jpg,2,0.6604,10692.9,10721.89,South africa
globe_model,globe_model/globe_model_classroom_globe_on_teacher_des_000023.jpg,0,0.0,945.48,951.07,
globe_model,globe_model/globe_model_classroom_globe_on_teacher_des_000024.jpg,0,0.0,595.0,599.78,
globe_model,globe_model/globe_model_classroom_globe_on_teacher_des_000025.jpg,3,0.9097,6569.13,6585.22,[ & GARDEN
globe_model,globe_model/globe_model_classroom_globe_on_teacher_des_000026.jpg,8,0.783,1612.2,1619.72,Jlamy a a alamy 4 Image ID: 2JIAC2] alamy WWW.
globe_model,globe_model/globe_model_classroom_globe_on_teacher_des_000027.jpg,0,0.0,230.69,242.05,
globe_model,globe_model/globe_model_classroom_globe_on_teacher_des_000028.jpg,3,0.7557,17280.12,17309.27,"U"" 3 ("
globe_model,globe_model/globe_model_classroom_globe_on_teacher_des_000029.jpg,0,0.0,669.65,674.7,
globe_model,globe_model/globe_model_classroom_globe_on_teacher_des_000030.jpg,0,0.0,475.88,480.66,
globe_model,globe_model/globe_model_classroom_globe_on_teacher_des_000031.jpg,0,0.0,451.47,455.08,
globe_model,globe_model/globe_model_classroom_globe_on_teacher_des_000032.jpg,0,0.0,953.58,960.74,
globe_model,globe_model/globe_model_classroom_globe_on_teacher_des_000033.jpg,0,0.0,303.96,308.63,
globe_model,globe_model/globe_model_school_globe_of_the_world_000001.jpg,0,0.0,12018.0,12035.7,
globe_model,globe_model/globe_model_school_globe_of_the_world_000002.jpg,0,0.0,13749.25,13778.66,
globe_model,globe_model/globe_model_school_globe_of_the_world_000003.jpg,8,0.7315,7701.09,7726.19,ID 349149933 BjIxforn Franzen bime mfbime drean Ime rbim dream
globe_model,globe_model/globe_model_school_globe_of_the_world_000004.jpg,1,0.9054,1455.6,1467.6,4
globe_model,globe_model/globe_model_school_globe_of_the_world_000005.jpg,0,0.0,703.07,709.73,
globe_model,globe_model/globe_model_school_globe_of_the_world_000006.jpg,0,0.0,537.73,542.27,
globe_model,globe_model/globe_model_school_globe_of_the_world_000007.jpg,0,0.0,997.01,1003.39,
globe_model,globe_model/globe_model_school_globe_of_the_world_000009.jpg,0,0.0,1825.98,1834.28,
globe_model,globe_model/globe_model_school_globe_of_the_world_000010.jpg,11,0.7849,3002.97,3012.23,a alamy alany 4 a a alamg alaly Image ID: 2WW89C3 alamy WWW alamy com
globe_model,globe_model/globe_model_school_globe_of_the_world_000011.jpg,9,0.8479,2447.55,2461.13,alamy alamu almy alamy a alamy Image ID: 2XZNWBW alamy WWW.
globe_model,globe_model/globe_model_school_globe_of_the_world_000012.jpg,14,0.8788,2990.58,3001.14,a a a a alamy a alamy a a alamy alamy Image ID: 2WNG4OE alamy WWW.
globe_model,globe_model/globe_model_school_globe_of_the_world_000013.jpg,0,0.0,11624.35,11655.1,
globe_model,globe_model/globe_model_school_globe_of_the_world_000014.jpg,5,0.6472,5891.64,5915.58,ID 349150009 BjIxforn Franzen ' dres camrbime
globe_model,globe_model/globe_model_school_globe_of_the_world_000015.jpg,0,0.0,988.66,995.94,
globe_model,globe_model/globe_model_school_globe_of_the_world_000017.jpg,13,0.8225,3278.04,3287.04,a alamy a alamy alamy a a 4 alamg alamy Image ID: 2WW897A alamy WWW.
globe_model,globe_model/globe_model_school_globe_of_the_world_000018.jpg,4,0.7903,10434.51,10460.38,ID 349150616 BjIxforn Franzen drcamrbime 9
globe_model,globe_model/globe_model_school_globe_of_the_world_000019.jpg,6,0.7093,5233.87,5257.83,ID 349150669 BjIxforn Franzen dreamrbime dreamrbime me dream
globe_model,globe_model/globe_model_school_globe_of_the_world_000020.jpg,5,0.8287,5152.49,5208.36,dreamrtime.com ID 349150507 BjIxforn Franzen mjbime dre
globe_model,globe_model/globe_model_school_globe_of_the_world_000021.jpg,0,0.0,975.97,983.08,
globe_model,globe_model/globe_model_school_globe_of_the_world_000022.jpg,12,0.8003,6999.61,7018.56,"cA AME RIC A UNITED STATES NORTH ATLANTIC OCEAN ECUADOR PACIFIC CEAN 'MERICA BOLIVIA"""
globe_model,globe_model/globe_model_school_globe_of_the_world_000023.jpg,4,0.748,5312.3,5331.46,Y 0 ID 225950311 Larisa Meshkova bime
globe_model,globe_model/globe_model_school_globe_of_the_world_000024.jpg,0,0.0,402.33,406.92,
globe_model,globe_model/globe_model_school_globe_of_the_world_000025.jpg,3,0.8209,6365.17,6381.49,ID 349150596 BjIxforn Franzen dred
globe_model,globe_model/globe_model_school_globe_of_the_world_000026.jpg,15,0.9021,1747.9,1757.03,4 a 4 alamy alamy a a alamy a alamy Image ID: PRIF9A alamy WWW. alamy com alamy
globe_model,globe_model/globe_model_school_globe_of_the_world_000027.jpg,2,0.7807,1720.28,1733.13,Stoc by Getty Images
globe_model,globe_model/globe_model_school_globe_of_the_world_000028.jpg,5,0.7066,4785.18,4801.29,ID 58887851 Gergely Zsolnai dreamjbim omjbime 8
globe_model,globe_model/globe_model_school_globe_of_the_world_000029.jpg,0,0.0,951.29,956.56,
globe_model,globe_model/globe_model_school_globe_of_the_world_000030.jpg,0,0.0,625.66,631.32,
globe_model,globe_model/globe_model_school_globe_of_the_world_000031.jpg,0,0.0,565.58,571.0,
globe_model,globe_model/globe_model_school_globe_of_the_world_000032.jpg,0,0.0,25126.1,25217.01,
globe_model,globe_model/globe_model_school_globe_of_the_world_000033.jpg,4,0.7544,4981.98,5045.74,dreamjtime.com ID 308902830 Mikhail Davidovich Ima
globe_model,globe_model/globe_model_spinning_globe_in_geography_cl_000001.jpg,0,0.0,1777.38,1791.18,
globe_model,globe_model/globe_model_spinning_globe_in_geography_cl_000002.jpg,0,0.0,428.87,435.43,
globe_model,globe_model/globe_model_spinning_globe_in_geography_cl_000003.jpg,35,0.7952,8473.69,8499.03,4 NEPAL IRAQ Uti AN SUD 8 sey D REPUBLiC PEOPLE' USHANBE TAN Kolkata TEMRAN NEM ~INDIA PHNU ~BRUNE Jord; Chental LANKA L
globe_model,globe_model/globe_model_spinning_globe_in_geography_cl_000004.jpg,3,0.9339,5643.47,5661.97,e R R CHAD
globe_model,globe_model/globe_model_spinning_globe_in_geography_cl_000005.jpg,4,0.8407,3383.08,3403.93,Geography INDIAN OCEAN AUSTRALIA
globe_model,globe_model/globe_model_spinning_globe_in_geography_cl_000006.jpg,9,0.9201,1039.14,1045.13,a alamy alamy alamy a alamy Image ID: 2SE4O8N alamy WWW alamy com
globe_model,globe_model/globe_model_spinning_globe_in_geography_cl_000007.jpg,0,0.0,1074.39,1080.43,
globe_model,globe_model/globe_model_spinning_globe_in_geography_cl_000008.jpg,2,0.9871,169.96,171.84,shutterstockcom= 2248707563
globe_model,globe_model/globe_model_spinning_globe_in_geography_cl_000009.jpg,30,0.8334,8346.87,8367.09,3 KISTAE AINE TRAN TURKEY SYRIA IRAQ ARABIAN OMAN NTERRANEAN = SAUDJ QE MALTA RED SOMALIA OCEAN ETHIOPIA SUDAN ALGERIA I
globe_model,globe_model/globe_model_spinning_globe_in_geography_cl_000010.jpg,0,0.0,43.82,46.98,
globe_model,globe_model/globe_model_spinning_globe_in_geography_cl_000011.jpg,5,0.7019,5577.38,5604.84,ID 349150489 BjIxforn Franzen dreamkbime me amrbime
globe_model,globe_model/globe_model_spinning_globe_in_geography_cl_000012.jpg,2,0.9157,720.14,725.79,GEOGRAPHY CLASS
globe_model,globe_model/globe_model_spinning_globe_in_geography_cl_000013.jpg,0,0.0,12137.18,12176.2,
globe_model,globe_model/globe_model_spinning_globe_in_geography_cl_000014.jpg,0,0.0,13065.26,13097.82,
globe_model,globe_model/globe_model_spinning_globe_in_geography_cl_000015.jpg,0,0.0,20751.06,20804.37,
globe_model,globe_model/globe_model_spinning_globe_in_geography_cl_000016.jpg,5,0.7873,973.52,989.97,SOUTH OCEAAN ATLWTIC AMERICA SOUTH
globe_model,globe_model/globe_model_spinning_globe_in_geography_cl_000017.jpg,6,0.8639,570.05,574.61,FOSTER SCIENTIFIC THINKING Engage STEM educational toy Explore Geography and Astronomy Knowledge Cultivate Spatial Aware
globe_model,globe_model/globe_model_spinning_globe_in_geography_cl_000018.jpg,31,0.8091,9371.11,9395.69,"SE4 758 BAHAMAS CUBA ATLANTIC CARIBBEAN = ""NICARAGUA Rico( Jomingo OCEAN BARBUDA GRENADA 'COLC Onnoco Of Spain AND VENEZ"
globe_model,globe_model/globe_model_spinning_globe_in_geography_cl_000019.jpg,14,0.7416,5867.87,5886.2,o STAT E UNI CUBA VENEZUELA ALVADOR ILOMBIA 'BRAZIL' AMERICA ECUAI ~PERU TRoPIC LEGEND 88(202110780
globe_model,globe_model/globe_model_spinning_globe_in_geography_cl_000020.jpg,0,0.0,604.01,611.83,
globe_model,globe_model/globe_model_spinning_globe_in_geography_cl_000021.jpg,0,0.0,599.14,604.41,
globe_model,globe_model/globe_model_spinning_globe_in_geography_cl_000022.jpg,29,0.8072,8690.87,8721.6,sea YA R CASPIAN UKRAINE PAKISTAN TRAN FRANCED TURKEY SYRIA [ IRAQ ARABIAN MEDTERRANEAN MALIA OMAE ARABiA' _ RED TYEMEN 
globe_model,globe_model/globe_model_spinning_globe_in_geography_cl_000023.jpg,11,0.74,3354.46,3375.51,"0 47 4 IMAGE ID: 12045781 shutterstesck"" wwwshutterstockcom Businese Monkey [ shutterste; Monkey [ shutterstock shutters"
globe_model,globe_model/globe_model_spinning_globe_in_geography_cl_000024.jpg,0,0.0,7142.66,7166.07,
globe_model,globe_model/globe_model_spinning_globe_in_geography_cl_000025.jpg,11,0.8776,1350.19,1360.87,ACCOMPANYING LEARNING THROUGHOUT LONG PERIODS Durable craftsmanship for long-lasting use Wear-resistant Globe Writable S
globe_model,globe_model/globe_model_spinning_globe_in_geography_cl_000026.jpg,1,0.7332,352.91,356.62,WORLD
globe_model,globe_model/globe_model_spinning_globe_in_geography_cl_000027.jpg,2,0.9136,163.41,165.18,shutterstockcom= 2248570045
globe_model,globe_model/globe_model_spinning_globe_in_geography_cl_000028.jpg,3,0.9796,863.82,871.91,GLOBE Dynamic globe can attract children's interest in learning
globe_model,globe_model/globe_model_spinning_globe_in_geography_cl_000029.jpg,0,0.0,653.52,660.04,
globe_model,globe_model/globe_model_spinning_globe_in_geography_cl_000031.jpg,34,0.752,6614.11,6629.06,cu STATES Momphi Peninsula Horida DAHAMAS Mexico Acrcy Caracan Guya Guudaljara Bogotn costat Goco BRAZIL AMERICA) Qulte 
globe_model,globe_model/globe_model_spinning_globe_in_geography_cl_000032.jpg,0,0.0,8553.87,8577.84,
globe_model,globe_model/globe_model_spinning_globe_in_geography_cl_000033.jpg,6,0.9352,737.66,743.41,FOSTER SCIENTIFIC THINKING Engage STEM educational toy Explore Geography and Astronomy Knowledge Cultivate Spatial Aware
safety_goggles,safety_goggles/safety_goggles_protective_lab_glasses_close_u_000001.jpg,7,0.6993,3848.59,3862.16,dreamjtime.com ID 350102467 Somchet Nukeaw drcamn drcamn drcamn Ac
safety_goggles,safety_goggles/safety_goggles_protective_lab_glasses_close_u_000002.jpg,0,0.0,425.61,430.78,
safety_goggles,safety_goggles/safety_goggles_protective_lab_glasses_close_u_000003.jpg,0,0.0,327.02,329.42,
safety_goggles,safety_goggles/safety_goggles_protective_lab_glasses_close_u_000004.jpg,0,0.0,250.28,253.11,
safety_goggles,safety_goggles/safety_goggles_protective_lab_glasses_close_u_000005.jpg,0,0.0,438.36,442.05,
safety_goggles,safety_goggles/safety_goggles_protective_lab_glasses_close_u_000006.jpg,7,0.7136,2972.76,2983.65,a 4 alamy almy Image ID: MW87WM alamy WWW.
safety_goggles,safety_goggles/safety_goggles_protective_lab_glasses_close_u_000007.jpg,10,0.7825,3161.36,3169.46,a a alamy ny ak alamy a Image ID: ZHROGG8 alamy WWW alamy com
safety_goggles,safety_goggles/safety_goggles_protective_lab_glasses_close_u_000008.jpg,0,0.0,323.98,327.59,
safety_goggles,safety_goggles/safety_goggles_protective_lab_glasses_close_u_000009.jpg,2,0.929,176.8,178.98,shutterstockcom= 1635617605
safety_goggles,safety_goggles/safety_goggles_protective_lab_glasses_close_u_000010.jpg,0,0.0,324.6,327.43,
safety_goggles,safety_goggles/safety_goggles_protective_lab_glasses_close_u_000011.jpg,7,0.8063,3719.0,3728.13,m lamy 4 Image ID: RBPHEK alamy WWW . alamy com
safety_goggles,safety_goggles/safety_goggles_protective_lab_glasses_close_u_000012.jpg,5,0.773,5410.08,5426.44,ID 242177118 Monkey Business Images 1 Gime blme
safety_goggles,safety_goggles/safety_goggles_protective_lab_glasses_close_u_000013.jpg,6,0.8045,2458.45,2464.94,a alamy alam Image ID: ZAPMT77 alamy WWW.alamycom
safety_goggles,safety_goggles/safety_goggles_protective_lab_glasses_close_u_000014.jpg,0,0.0,672.52,676.79,
safety_goggles,safety_goggles/safety_goggles_protective_lab_glasses_close_u_000015.jpg,5,0.6926,5764.34,5777.02,ID 102695368 Andrei Rahalski dre @mc mfblme
safety_goggles,safety_goggles/safety_goggles_protective_lab_glasses_close_u_000016.jpg,5,0.8747,3069.43,3085.64,a Image ID: ZAT823N alamy WWW. alamy com
safety_goggles,safety_goggles/safety_goggles_protective_lab_glasses_close_u_000017.jpg,17,0.8623,3489.69,3538.18,a a 4 a 4 alamy alamy a a alamy 4 alaly 4 Image ID: ZFNMRX9 alamy WWW. alamy com
safety_goggles,safety_goggles/safety_goggles_protective_lab_glasses_close_u_000018.jpg,3,0.8686,4544.41,4568.85,ID 137769224 Andrei Rahalski 0
safety_goggles,safety_goggles/safety_goggles_protective_lab_glasses_close_u_000019.jpg,0,0.0,343.91,348.23,
safety_goggles,safety_goggles/safety_goggles_protective_lab_glasses_close_u_000020.jpg,7,0.7344,3860.32,3869.93,"IMAGE ID: 2088367306 shutterstosck"" WWW shutterstockcom shuttersto DC Studio DC Studio shutterstock"
safety_goggles,safety_goggles/safety_goggles_protective_lab_glasses_close_u_000021.jpg,0,0.0,17862.28,17964.5,
safety_goggles,safety_goggles/safety_goggles_protective_lab_glasses_close_u_000022.jpg,0,0.0,795.62,820.61,
safety_goggles,safety_goggles/safety_goggles_protective_lab_glasses_close_u_000023.jpg,10,0.7861,3865.03,3880.68,4 alamy a alamy a alamm a Image ID: JPZBDX alamy WWW.
safety_goggles,safety_goggles/safety_goggles_protective_lab_glasses_close_u_000024.jpg,1,0.9999,516.82,520.57,gettyimages
safety_goggles,safety_goggles/safety_goggles_protective_lab_glasses_close_u_000025.jpg,0,0.0,388.39,392.21,
safety_goggles,safety_goggles/safety_goggles_protective_lab_glasses_close_u_000026.jpg,3,0.8453,4142.69,4155.66,dreamjtime.com ID 119616685 Andrei Rahalski
safety_goggles,safety_goggles/safety_goggles_protective_lab_glasses_close_u_000027.jpg,8,0.7321,2294.21,2306.72,alamu alal alamy_ alamy Image ID: RSPHEX alamy WWW. alamy com
safety_goggles,safety_goggles/safety_goggles_protective_lab_glasses_close_u_000028.jpg,0,0.0,764.81,770.29,
safety_goggles,safety_goggles/safety_goggles_protective_lab_glasses_close_u_000029.jpg,0,0.0,347.57,351.29,
safety_goggles,safety_goggles/safety_goggles_protective_lab_glasses_close_u_000030.jpg,10,0.8471,2663.97,2676.81,a alamy akmy a alamt a Image ID: 2JRXASJ alamy WWW . alamy com
safety_goggles,safety_goggles/safety_goggles_protective_lab_glasses_close_u_000031.jpg,0,0.0,466.4,471.57,
safety_goggles,safety_goggles/safety_goggles_protective_lab_glasses_close_u_000032.jpg,0,0.0,360.51,364.32,
safety_goggles,safety_goggles/safety_goggles_protective_lab_glasses_close_u_000033.jpg,0,0.0,2818.77,2826.92,
safety_goggles,safety_goggles/safety_goggles_science_lab_safety_goggles_on__000001.jpg,0,0.0,416.55,420.89,
safety_goggles,safety_goggles/safety_goggles_science_lab_safety_goggles_on__000002.jpg,8,0.8299,3603.37,3611.05,a lamc a a a Image ID: FKWSWA alamy alamy com
safety_goggles,safety_goggles/safety_goggles_science_lab_safety_goggles_on__000003.jpg,0,0.0,423.18,430.92,
safety_goggles,safety_goggles/safety_goggles_science_lab_safety_goggles_on__000004.jpg,4,0.7622,5009.9,5025.38,dreamjtime.com ID 290719437 Roman Stasiuk dreami
safety_goggles,safety_goggles/safety_goggles_science_lab_safety_goggles_on__000005.jpg,8,0.6945,7098.05,7116.6,"IMAGE ID: 412613383 shutterstesck"" wwvwshulterstockcom shuiterstock mage Sounce Image Source Trard shutterstock shutters"
safety_goggles,safety_goggles/safety_goggles_science_lab_safety_goggles_on__000006.jpg,6,0.7037,6613.92,6635.85,ID 290719413 Roman Stasiuk dreamrbime Urcan Jime Ureamrbime
safety_goggles,safety_goggles/safety_goggles_science_lab_safety_goggles_on__000007.jpg,0,0.0,638.05,646.8,
safety_goggles,safety_goggles/safety_goggles_science_lab_safety_goggles_on__000008.jpg,0,0.0,150.39,153.51,
safety_goggles,safety_goggles/safety_goggles_science_lab_safety_goggles_on__000009.jpg,0,0.0,369.71,373.37,
safety_goggles,safety_goggles/safety_goggles_science_lab_safety_goggles_on__000010.jpg,4,0.8119,5957.95,5975.81,0 dreamjtime.com ID 290719405 Roman Stasiuk
safety_goggles,safety_goggles/safety_goggles_science_lab_safety_goggles_on__000011.jpg,7,0.8303,2272.71,2280.09,a a alamy Image ID: FIHDZF alamy WWW. alamy com
safety_goggles,safety_goggles/safety_goggles_science_lab_safety_goggles_on__000012.jpg,0,0.0,762.36,768.64,
safety_goggles,safety_goggles/safety_goggles_science_lab_safety_goggles_on__000013.jpg,0,0.0,431.9,436.63,
safety_goggles,safety_goggles/safety_goggles_science_lab_safety_goggles_on__000014.jpg,0,0.0,926.35,935.45,
safety_goggles,safety_goggles/safety_goggles_science_lab_safety_goggles_on__000015.jpg,0,0.0,330.23,333.42,
safety_goggles,safety_goggles/safety_goggles_science_lab_safety_goggles_on__000016.jpg,16,0.7857,3346.95,3355.91,4 a a a alamy a a a alamy 4 4 Image ID: RTSMTH alamy WWW alamy com hlamy
safety_goggles,safety_goggles/safety_goggles_science_lab_safety_goggles_on__000017.jpg,0,0.0,1852.12,1871.04,
safety_goggles,safety_goggles/safety_goggles_science_lab_safety_goggles_on__000018.jpg,0,0.0,12123.36,12146.16,
safety_goggles,safety_goggles/safety_goggles_science_lab_safety_goggles_on__000019.jpg,0,0.0,7147.11,7176.26,
safety_goggles,safety_goggles/safety_goggles_science_lab_safety_goggles_on__000020.jpg,0,0.0,27402.23,27443.37,
safety_goggles,safety_goggles/safety_goggles_science_lab_safety_goggles_on__000021.jpg,0,0.0,7985.41,8008.99,
safety_goggles,safety_goggles/safety_goggles_science_lab_safety_goggles_on__000022.jpg,0,0.0,5726.09,5758.15,
safety_goggles,safety_goggles/safety_goggles_science_lab_safety_goggles_on__000023.jpg,0,0.0,275.31,279.6,
safety_goggles,safety_goggles/safety_goggles_science_lab_safety_goggles_on__000024.jpg,0,0.0,5424.76,5437.15,
safety_goggles,safety_goggles/safety_goggles_science_lab_safety_goggles_on__000025.jpg,0,0.0,870.17,876.3,
safety_goggles,safety_goggles/safety_goggles_science_lab_safety_goggles_on__000026.jpg,0,0.0,17524.35,17659.42,
safety_goggles,safety_goggles/safety_goggles_science_lab_safety_goggles_on__000027.jpg,0,0.0,4339.24,4349.4,
safety_goggles,safety_goggles/safety_goggles_science_lab_safety_goggles_on__000028.jpg,7,0.8811,3597.71,3609.18,7 4 alamy Image ID: E3Y8M8 alamy WWW alamycom
safety_goggles,safety_goggles/safety_goggles_science_lab_safety_goggles_on__000029.jpg,4,0.7265,6166.7,6184.81,3 dreamjtime.com ID 290719427 Roman Stasiuk
safety_goggles,safety_goggles/safety_goggles_science_lab_safety_goggles_on__000031.jpg,0,0.0,4645.01,4928.01,
safety_goggles,safety_goggles/safety_goggles_science_lab_safety_goggles_on__000032.jpg,0,0.0,539.54,549.53,
safety_goggles,safety_goggles/safety_goggles_science_lab_safety_goggles_on__000033.jpg,0,0.0,5507.59,5519.23,
safety_goggles,safety_goggles/safety_goggles_student_wearing_safety_goggles_000001.jpg,5,0.6708,1216.7,1225.01,1 1 8 dobe Sto de
safety_goggles,safety_goggles/safety_goggles_student_wearing_safety_goggles_000002.jpg,8,0.794,2722.77,2741.97,a 4 alamy alamy Alam Image ID: BN8O1T alamy WWW alamy com
safety_goggles,safety_goggles/safety_goggles_student_wearing_safety_goggles_000003.jpg,13,0.8544,2774.16,2792.99,a a a alamy alamy a a alamy 4 a Image ID: BN8O2F alamy WWW alamy com
safety_goggles,safety_goggles/safety_goggles_student_wearing_safety_goggles_000004.jpg,16,0.8795,3079.3,3090.93,4 alamy alamny a alamy a a alamy a a R Image ID: BNZP82 alamy WWW. alamy com hlamy
safety_goggles,safety_goggles/safety_goggles_student_wearing_safety_goggles_000005.jpg,17,0.8395,1467.67,1476.71,4 a alamy alamyj 4 a a a a a alam' a a Image ID: BNZYJ6 alamy WWW. alamy com
safety_goggles,safety_goggles/safety_goggles_student_wearing_safety_goggles_000006.jpg,12,0.8415,3606.84,3616.21,alamy ny al amy a allamy a a Image ID: BNZYXO alamy WWW alamy com MALIBU
safety_goggles,safety_goggles/safety_goggles_student_wearing_safety_goggles_000007.jpg,16,0.8935,1872.47,1882.13,alamy alamy a a a a alamy 5 4 alamy a Image ID: BN8OOC alamy WWW. alamy com 2
safety_goggles,safety_goggles/safety_goggles_student_wearing_safety_goggles_000009.jpg,16,0.8816,2307.49,2315.22,a 4 a alamy alamy a alamny a a a a alamy a Image ID: BNZNN6 alamy alamy com
safety_goggles,safety_goggles/safety_goggles_student_wearing_safety_goggles_000010.jpg,4,0.8958,1069.64,1075.99,8 Stock dobe e Stock
safety_goggles,safety_goggles/safety_goggles_student_wearing_safety_goggles_000011.jpg,15,0.8883,3082.1,3094.58,a a alamy a ny al alamy al a a nic al Image ID: BNZYF6 alamy WWW.alamycom
safety_goggles,safety_goggles/safety_goggles_student_wearing_safety_goggles_000012.jpg,20,0.8648,3394.01,3406.93,a a alamy a a 4 ny a alanu a alamu a a a al ID: BNZYE8 alamy WWW. alamy com Image
safety_goggles,safety_goggles/safety_goggles_student_wearing_safety_goggles_000013.jpg,0,0.0,1191.87,1197.87,
safety_goggles,safety_goggles/safety_goggles_student_wearing_safety_goggles_000014.jpg,3,0.8939,323.51,326.41,gettyimages Credit: kali9 485878393
safety_goggles,safety_goggles/safety_goggles_student_wearing_safety_goggles_000015.jpg,0,0.0,345.77,348.85,
safety_goggles,safety_goggles/safety_goggles_student_wearing_safety_goggles_000016.jpg,0,0.0,247.05,250.05,
safety_goggles,safety_goggles/safety_goggles_student_wearing_safety_goggles_000017.jpg,4,0.7434,188.77,191.26,4 a alal alamy - BWRBJR
safety_goggles,safety_goggles/safety_goggles_student_wearing_safety_goggles_000018.jpg,14,0.8834,2398.17,2403.53,alamy 3 a al a alamy a a alamy a Image ID: 2BHB779 alamy WWW alamycom
safety_goggles,safety_goggles/safety_goggles_student_wearing_safety_goggles_000019.jpg,0,0.0,311.63,314.81,
safety_goggles,safety_goggles/safety_goggles_student_wearing_safety_goggles_000020.jpg,6,0.821,1360.88,1368.34,1 Stock Stock Adobe Adobe Stoc dobe
safety_goggles,safety_goggles/safety_goggles_student_wearing_safety_goggles_000021.jpg,0,0.0,242.38,245.97,
safety_goggles,safety_goggles/safety_goggles_student_wearing_safety_goggles_000022.jpg,11,0.8634,4665.79,4676.8,alamy 4 alamy alamy a a nii 4 Image ID: BNZYCT alamy WWW.alamycom
safety_goggles,safety_goggles/safety_goggles_student_wearing_safety_goggles_000023.jpg,3,0.8261,5108.81,5136.3,ID 328756699 Wavebreakmedia Ltd dream
safety_goggles,safety_goggles/safety_goggles_student_wearing_safety_goggles_000024.jpg,8,0.8431,3225.69,3238.23,alamy a alamy alamy Image ID: DJD9ZM alamy WWW. alamy com
safety_goggles,safety_goggles/safety_goggles_student_wearing_safety_goggles_000025.jpg,16,0.856,5173.61,5188.86,alamy a 4 4 ny a alamy a a alamy a a Image ID: BNZNJN alamy WWW. alamycom
safety_goggles,safety_goggles/safety_goggles_student_wearing_safety_goggles_000027.jpg,18,0.9252,2988.04,3002.15,a a a a alam alamy a alamu a a a alamy 4 Image ID: BNZYSP alamy WWW. alamy com alamy
safety_goggles,safety_goggles/safety_goggles_student_wearing_safety_goggles_000028.jpg,0,0.0,2023.07,2030.47,
safety_goggles,safety_goggles/safety_goggles_student_wearing_safety_goggles_000029.jpg,8,0.8188,3232.32,3246.15,alamyj alamu alamy alan 4 Image ID: CZTGEJ alamy alamy com
safety_goggles,safety_goggles/safety_goggles_student_wearing_safety_goggles_000030.jpg,0,0.0,340.1,344.57,
safety_goggles,safety_goggles/safety_goggles_student_wearing_safety_goggles_000031.jpg,0,0.0,391.35,395.86,
safety_goggles,safety_goggles/safety_goggles_student_wearing_safety_goggles_000032.jpg,0,0.0,237.62,240.67,
safety_goggles,safety_goggles/safety_goggles_student_wearing_safety_goggles_000033.jpg,13,0.8502,4258.96,4267.82,alamy 4 ny a allamy a Bpra ID: 2BHB78C alamy WWW alamycom MALIBU Image
